$MeshFormat
2.2 0 8
$EndMeshFormat
$PhysicalNames
5
1 11 "Swall (physical id 11)"
1 12 "NWall (physical id 12)"
1 13 "Master (physical id 13)"
1 14 "Slave (physical id 14)"
2 15 "Fluid (physical id 15)"
$EndPhysicalNames
$Nodes
  1681
     1 0.0000000000000000 0.0000000000000000 0
     2 0.0000000000000000 0.0001504492187500 0
     3 0.0000000000000000 0.0011581250000000 0
     4 0.0000000000000000 0.0037583789062500 0
     5 0.0000000000000000 0.0085600000000000 0
     6 0.0000000000000000 0.0160522460937500 0
     7 0.0000000000000000 0.0266118750000000 0
     8 0.0000000000000000 0.0405101757812500 0
     9 0.0000000000000000 0.0579200000000000 0
    10 0.0000000000000000 0.0789227929687500 0
    11 0.0000000000000000 0.1035156250000000 0
    12 0.0000000000000000 0.1316182226562500 0
    13 0.0000000000000000 0.1630800000000000 0
    14 0.0000000000000000 0.1976870898437500 0
    15 0.0000000000000000 0.2351693749999999 0
    16 0.0000000000000000 0.2752075195312500 0
    17 0.0000000000000000 0.3174400000000001 0
    18 0.0000000000000000 0.3614701367187499 0
    19 0.0000000000000000 0.4068731250000001 0
    20 0.0000000000000000 0.4532030664062499 0
    21 0.0000000000000000 0.5000000000000000 0
    22 0.0000000000000000 0.5467969335937500 0
    23 0.0000000000000000 0.5931268750000003 0
    24 0.0000000000000000 0.6385298632812498 0
    25 0.0000000000000000 0.6825599999999999 0
    26 0.0000000000000000 0.7247924804687500 0
    27 0.0000000000000000 0.7648306250000001 0
    28 0.0000000000000000 0.8023129101562503 0
    29 0.0000000000000000 0.8369199999999997 0
    30 0.0000000000000000 0.8683817773437499 0
    31 0.0000000000000000 0.8964843750000000 0
    32 0.0000000000000000 0.9210772070312504 0
    33 0.0000000000000000 0.9420800000000006 0
    34 0.0000000000000000 0.9594898242187494 0
    35 0.0000000000000000 0.9733881249999993 0
    36 0.0000000000000000 0.9839477539062500 0
    37 0.0000000000000000 0.9914400000000003 0
    38 0.0000000000000000 0.9962416210937508 0
    39 0.0000000000000000 0.9988418749999999 0
    40 0.0000000000000000 0.9998495507812494 0
    41 0.0000000000000000 1.0000000000000000 0
    42 0.0250000000000000 0.0000000000000000 0
    43 0.0250000000000000 0.0001504492187500 0
    44 0.0250000000000000 0.0011581250000000 0
    45 0.0250000000000000 0.0037583789062500 0
    46 0.0250000000000000 0.0085600000000000 0
    47 0.0250000000000000 0.0160522460937500 0
    48 0.0250000000000000 0.0266118750000000 0
    49 0.0250000000000000 0.0405101757812500 0
    50 0.0250000000000000 0.0579200000000000 0
    51 0.0250000000000000 0.0789227929687500 0
    52 0.0250000000000000 0.1035156250000000 0
    53 0.0250000000000000 0.1316182226562500 0
    54 0.0250000000000000 0.1630800000000000 0
    55 0.0250000000000000 0.1976870898437500 0
    56 0.0250000000000000 0.2351693749999999 0
    57 0.0250000000000000 0.2752075195312500 0
    58 0.0250000000000000 0.3174400000000001 0
    59 0.0250000000000000 0.3614701367187499 0
    60 0.0250000000000000 0.4068731250000001 0
    61 0.0250000000000000 0.4532030664062499 0
    62 0.0250000000000000 0.5000000000000000 0
    63 0.0250000000000000 0.5467969335937500 0
    64 0.0250000000000000 0.5931268750000003 0
    65 0.0250000000000000 0.6385298632812498 0
    66 0.0250000000000000 0.6825599999999999 0
    67 0.0250000000000000 0.7247924804687500 0
    68 0.0250000000000000 0.7648306250000001 0
    69 0.0250000000000000 0.8023129101562503 0
    70 0.0250000000000000 0.8369199999999997 0
    71 0.0250000000000000 0.8683817773437499 0
    72 0.0250000000000000 0.8964843750000000 0
    73 0.0250000000000000 0.9210772070312504 0
    74 0.0250000000000000 0.9420800000000006 0
    75 0.0250000000000000 0.9594898242187494 0
    76 0.0250000000000000 0.9733881249999993 0
    77 0.0250000000000000 0.9839477539062500 0
    78 0.0250000000000000 0.9914400000000003 0
    79 0.0250000000000000 0.9962416210937508 0
    80 0.0250000000000000 0.9988418749999999 0
    81 0.0250000000000000 0.9998495507812494 0
    82 0.0250000000000000 1.0000000000000000 0
    83 0.0500000000000000 0.0000000000000000 0
    84 0.0500000000000000 0.0001504492187500 0
    85 0.0500000000000000 0.0011581250000000 0
    86 0.0500000000000000 0.0037583789062500 0
    87 0.0500000000000000 0.0085600000000000 0
    88 0.0500000000000000 0.0160522460937500 0
    89 0.0500000000000000 0.0266118750000000 0
    90 0.0500000000000000 0.0405101757812500 0
    91 0.0500000000000000 0.0579200000000000 0
    92 0.0500000000000000 0.0789227929687500 0
    93 0.0500000000000000 0.1035156250000000 0
    94 0.0500000000000000 0.1316182226562500 0
    95 0.0500000000000000 0.1630800000000000 0
    96 0.0500000000000000 0.1976870898437500 0
    97 0.0500000000000000 0.2351693749999999 0
    98 0.0500000000000000 0.2752075195312500 0
    99 0.0500000000000000 0.3174400000000001 0
   100 0.0500000000000000 0.3614701367187499 0
   101 0.0500000000000000 0.4068731250000001 0
   102 0.0500000000000000 0.4532030664062499 0
   103 0.0500000000000000 0.5000000000000000 0
   104 0.0500000000000000 0.5467969335937500 0
   105 0.0500000000000000 0.5931268750000003 0
   106 0.0500000000000000 0.6385298632812498 0
   107 0.0500000000000000 0.6825599999999999 0
   108 0.0500000000000000 0.7247924804687500 0
   109 0.0500000000000000 0.7648306250000001 0
   110 0.0500000000000000 0.8023129101562503 0
   111 0.0500000000000000 0.8369199999999997 0
   112 0.0500000000000000 0.8683817773437499 0
   113 0.0500000000000000 0.8964843750000000 0
   114 0.0500000000000000 0.9210772070312504 0
   115 0.0500000000000000 0.9420800000000006 0
   116 0.0500000000000000 0.9594898242187494 0
   117 0.0500000000000000 0.9733881249999993 0
   118 0.0500000000000000 0.9839477539062500 0
   119 0.0500000000000000 0.9914400000000003 0
   120 0.0500000000000000 0.9962416210937508 0
   121 0.0500000000000000 0.9988418749999999 0
   122 0.0500000000000000 0.9998495507812494 0
   123 0.0500000000000000 1.0000000000000000 0
   124 0.0750000000000000 0.0000000000000000 0
   125 0.0750000000000000 0.0001504492187500 0
   126 0.0750000000000000 0.0011581250000000 0
   127 0.0750000000000000 0.0037583789062500 0
   128 0.0750000000000000 0.0085600000000000 0
   129 0.0750000000000000 0.0160522460937500 0
   130 0.0750000000000000 0.0266118750000000 0
   131 0.0750000000000000 0.0405101757812500 0
   132 0.0750000000000000 0.0579200000000000 0
   133 0.0750000000000000 0.0789227929687500 0
   134 0.0750000000000000 0.1035156250000000 0
   135 0.0750000000000000 0.1316182226562500 0
   136 0.0750000000000000 0.1630800000000000 0
   137 0.0750000000000000 0.1976870898437500 0
   138 0.0750000000000000 0.2351693749999999 0
   139 0.0750000000000000 0.2752075195312500 0
   140 0.0750000000000000 0.3174400000000001 0
   141 0.0750000000000000 0.3614701367187499 0
   142 0.0750000000000000 0.4068731250000001 0
   143 0.0750000000000000 0.4532030664062499 0
   144 0.0750000000000000 0.5000000000000000 0
   145 0.0750000000000000 0.5467969335937500 0
   146 0.0750000000000000 0.5931268750000003 0
   147 0.0750000000000000 0.6385298632812498 0
   148 0.0750000000000000 0.6825599999999999 0
   149 0.0750000000000000 0.7247924804687500 0
   150 0.0750000000000000 0.7648306250000001 0
   151 0.0750000000000000 0.8023129101562503 0
   152 0.0750000000000000 0.8369199999999997 0
   153 0.0750000000000000 0.8683817773437499 0
   154 0.0750000000000000 0.8964843750000000 0
   155 0.0750000000000000 0.9210772070312504 0
   156 0.0750000000000000 0.9420800000000006 0
   157 0.0750000000000000 0.9594898242187494 0
   158 0.0750000000000000 0.9733881249999993 0
   159 0.0750000000000000 0.9839477539062500 0
   160 0.0750000000000000 0.9914400000000003 0
   161 0.0750000000000000 0.9962416210937508 0
   162 0.0750000000000000 0.9988418749999999 0
   163 0.0750000000000000 0.9998495507812494 0
   164 0.0750000000000000 1.0000000000000000 0
   165 0.1000000000000000 0.0000000000000000 0
   166 0.1000000000000000 0.0001504492187500 0
   167 0.1000000000000000 0.0011581250000000 0
   168 0.1000000000000000 0.0037583789062500 0
   169 0.1000000000000000 0.0085600000000000 0
   170 0.1000000000000000 0.0160522460937500 0
   171 0.1000000000000000 0.0266118750000000 0
   172 0.1000000000000000 0.0405101757812500 0
   173 0.1000000000000000 0.0579200000000000 0
   174 0.1000000000000000 0.0789227929687500 0
   175 0.1000000000000000 0.1035156250000000 0
   176 0.1000000000000000 0.1316182226562500 0
   177 0.1000000000000000 0.1630800000000000 0
   178 0.1000000000000000 0.1976870898437500 0
   179 0.1000000000000000 0.2351693749999999 0
   180 0.1000000000000000 0.2752075195312500 0
   181 0.1000000000000000 0.3174400000000001 0
   182 0.1000000000000000 0.3614701367187499 0
   183 0.1000000000000000 0.4068731250000001 0
   184 0.1000000000000000 0.4532030664062499 0
   185 0.1000000000000000 0.5000000000000000 0
   186 0.1000000000000000 0.5467969335937500 0
   187 0.1000000000000000 0.5931268750000003 0
   188 0.1000000000000000 0.6385298632812498 0
   189 0.1000000000000000 0.6825599999999999 0
   190 0.1000000000000000 0.7247924804687500 0
   191 0.1000000000000000 0.7648306250000001 0
   192 0.1000000000000000 0.8023129101562503 0
   193 0.1000000000000000 0.8369199999999997 0
   194 0.1000000000000000 0.8683817773437499 0
   195 0.1000000000000000 0.8964843750000000 0
   196 0.1000000000000000 0.9210772070312504 0
   197 0.1000000000000000 0.9420800000000006 0
   198 0.1000000000000000 0.9594898242187494 0
   199 0.1000000000000000 0.9733881249999993 0
   200 0.1000000000000000 0.9839477539062500 0
   201 0.1000000000000000 0.9914400000000003 0
   202 0.1000000000000000 0.9962416210937508 0
   203 0.1000000000000000 0.9988418749999999 0
   204 0.1000000000000000 0.9998495507812494 0
   205 0.1000000000000000 1.0000000000000000 0
   206 0.1250000000000000 0.0000000000000000 0
   207 0.1250000000000000 0.0001504492187500 0
   208 0.1250000000000000 0.0011581250000000 0
   209 0.1250000000000000 0.0037583789062500 0
   210 0.1250000000000000 0.0085600000000000 0
   211 0.1250000000000000 0.0160522460937500 0
   212 0.1250000000000000 0.0266118750000000 0
   213 0.1250000000000000 0.0405101757812500 0
   214 0.1250000000000000 0.0579200000000000 0
   215 0.1250000000000000 0.0789227929687500 0
   216 0.1250000000000000 0.1035156250000000 0
   217 0.1250000000000000 0.1316182226562500 0
   218 0.1250000000000000 0.1630800000000000 0
   219 0.1250000000000000 0.1976870898437500 0
   220 0.1250000000000000 0.2351693749999999 0
   221 0.1250000000000000 0.2752075195312500 0
   222 0.1250000000000000 0.3174400000000001 0
   223 0.1250000000000000 0.3614701367187499 0
   224 0.1250000000000000 0.4068731250000001 0
   225 0.1250000000000000 0.4532030664062499 0
   226 0.1250000000000000 0.5000000000000000 0
   227 0.1250000000000000 0.5467969335937500 0
   228 0.1250000000000000 0.5931268750000003 0
   229 0.1250000000000000 0.6385298632812498 0
   230 0.1250000000000000 0.6825599999999999 0
   231 0.1250000000000000 0.7247924804687500 0
   232 0.1250000000000000 0.7648306250000001 0
   233 0.1250000000000000 0.8023129101562503 0
   234 0.1250000000000000 0.8369199999999997 0
   235 0.1250000000000000 0.8683817773437499 0
   236 0.1250000000000000 0.8964843750000000 0
   237 0.1250000000000000 0.9210772070312504 0
   238 0.1250000000000000 0.9420800000000006 0
   239 0.1250000000000000 0.9594898242187494 0
   240 0.1250000000000000 0.9733881249999993 0
   241 0.1250000000000000 0.9839477539062500 0
   242 0.1250000000000000 0.9914400000000003 0
   243 0.1250000000000000 0.9962416210937508 0
   244 0.1250000000000000 0.9988418749999999 0
   245 0.1250000000000000 0.9998495507812494 0
   246 0.1250000000000000 1.0000000000000000 0
   247 0.1500000000000000 0.0000000000000000 0
   248 0.1500000000000000 0.0001504492187500 0
   249 0.1500000000000000 0.0011581250000000 0
   250 0.1500000000000000 0.0037583789062500 0
   251 0.1500000000000000 0.0085600000000000 0
   252 0.1500000000000000 0.0160522460937500 0
   253 0.1500000000000000 0.0266118750000000 0
   254 0.1500000000000000 0.0405101757812500 0
   255 0.1500000000000000 0.0579200000000000 0
   256 0.1500000000000000 0.0789227929687500 0
   257 0.1500000000000000 0.1035156250000000 0
   258 0.1500000000000000 0.1316182226562500 0
   259 0.1500000000000000 0.1630800000000000 0
   260 0.1500000000000000 0.1976870898437500 0
   261 0.1500000000000000 0.2351693749999999 0
   262 0.1500000000000000 0.2752075195312500 0
   263 0.1500000000000000 0.3174400000000001 0
   264 0.1500000000000000 0.3614701367187499 0
   265 0.1500000000000000 0.4068731250000001 0
   266 0.1500000000000000 0.4532030664062499 0
   267 0.1500000000000000 0.5000000000000000 0
   268 0.1500000000000000 0.5467969335937500 0
   269 0.1500000000000000 0.5931268750000003 0
   270 0.1500000000000000 0.6385298632812498 0
   271 0.1500000000000000 0.6825599999999999 0
   272 0.1500000000000000 0.7247924804687500 0
   273 0.1500000000000000 0.7648306250000001 0
   274 0.1500000000000000 0.8023129101562503 0
   275 0.1500000000000000 0.8369199999999997 0
   276 0.1500000000000000 0.8683817773437499 0
   277 0.1500000000000000 0.8964843750000000 0
   278 0.1500000000000000 0.9210772070312504 0
   279 0.1500000000000000 0.9420800000000006 0
   280 0.1500000000000000 0.9594898242187494 0
   281 0.1500000000000000 0.9733881249999993 0
   282 0.1500000000000000 0.9839477539062500 0
   283 0.1500000000000000 0.9914400000000003 0
   284 0.1500000000000000 0.9962416210937508 0
   285 0.1500000000000000 0.9988418749999999 0
   286 0.1500000000000000 0.9998495507812494 0
   287 0.1500000000000000 1.0000000000000000 0
   288 0.1750000000000000 0.0000000000000000 0
   289 0.1750000000000000 0.0001504492187500 0
   290 0.1750000000000000 0.0011581250000000 0
   291 0.1750000000000000 0.0037583789062500 0
   292 0.1750000000000000 0.0085600000000000 0
   293 0.1750000000000000 0.0160522460937500 0
   294 0.1750000000000000 0.0266118750000000 0
   295 0.1750000000000000 0.0405101757812500 0
   296 0.1750000000000000 0.0579200000000000 0
   297 0.1750000000000000 0.0789227929687500 0
   298 0.1750000000000000 0.1035156250000000 0
   299 0.1750000000000000 0.1316182226562500 0
   300 0.1750000000000000 0.1630800000000000 0
   301 0.1750000000000000 0.1976870898437500 0
   302 0.1750000000000000 0.2351693749999999 0
   303 0.1750000000000000 0.2752075195312500 0
   304 0.1750000000000000 0.3174400000000001 0
   305 0.1750000000000000 0.3614701367187499 0
   306 0.1750000000000000 0.4068731250000001 0
   307 0.1750000000000000 0.4532030664062499 0
   308 0.1750000000000000 0.5000000000000000 0
   309 0.1750000000000000 0.5467969335937500 0
   310 0.1750000000000000 0.5931268750000003 0
   311 0.1750000000000000 0.6385298632812498 0
   312 0.1750000000000000 0.6825599999999999 0
   313 0.1750000000000000 0.7247924804687500 0
   314 0.1750000000000000 0.7648306250000001 0
   315 0.1750000000000000 0.8023129101562503 0
   316 0.1750000000000000 0.8369199999999997 0
   317 0.1750000000000000 0.8683817773437499 0
   318 0.1750000000000000 0.8964843750000000 0
   319 0.1750000000000000 0.9210772070312504 0
   320 0.1750000000000000 0.9420800000000006 0
   321 0.1750000000000000 0.9594898242187494 0
   322 0.1750000000000000 0.9733881249999993 0
   323 0.1750000000000000 0.9839477539062500 0
   324 0.1750000000000000 0.9914400000000003 0
   325 0.1750000000000000 0.9962416210937508 0
   326 0.1750000000000000 0.9988418749999999 0
   327 0.1750000000000000 0.9998495507812494 0
   328 0.1750000000000000 1.0000000000000000 0
   329 0.2000000000000000 0.0000000000000000 0
   330 0.2000000000000000 0.0001504492187500 0
   331 0.2000000000000000 0.0011581250000000 0
   332 0.2000000000000000 0.0037583789062500 0
   333 0.2000000000000000 0.0085600000000000 0
   334 0.2000000000000000 0.0160522460937500 0
   335 0.2000000000000000 0.0266118750000000 0
   336 0.2000000000000000 0.0405101757812500 0
   337 0.2000000000000000 0.0579200000000000 0
   338 0.2000000000000000 0.0789227929687500 0
   339 0.2000000000000000 0.1035156250000000 0
   340 0.2000000000000000 0.1316182226562500 0
   341 0.2000000000000000 0.1630800000000000 0
   342 0.2000000000000000 0.1976870898437500 0
   343 0.2000000000000000 0.2351693749999999 0
   344 0.2000000000000000 0.2752075195312500 0
   345 0.2000000000000000 0.3174400000000001 0
   346 0.2000000000000000 0.3614701367187499 0
   347 0.2000000000000000 0.4068731250000001 0
   348 0.2000000000000000 0.4532030664062499 0
   349 0.2000000000000000 0.5000000000000000 0
   350 0.2000000000000000 0.5467969335937500 0
   351 0.2000000000000000 0.5931268750000003 0
   352 0.2000000000000000 0.6385298632812498 0
   353 0.2000000000000000 0.6825599999999999 0
   354 0.2000000000000000 0.7247924804687500 0
   355 0.2000000000000000 0.7648306250000001 0
   356 0.2000000000000000 0.8023129101562503 0
   357 0.2000000000000000 0.8369199999999997 0
   358 0.2000000000000000 0.8683817773437499 0
   359 0.2000000000000000 0.8964843750000000 0
   360 0.2000000000000000 0.9210772070312504 0
   361 0.2000000000000000 0.9420800000000006 0
   362 0.2000000000000000 0.9594898242187494 0
   363 0.2000000000000000 0.9733881249999993 0
   364 0.2000000000000000 0.9839477539062500 0
   365 0.2000000000000000 0.9914400000000003 0
   366 0.2000000000000000 0.9962416210937508 0
   367 0.2000000000000000 0.9988418749999999 0
   368 0.2000000000000000 0.9998495507812494 0
   369 0.2000000000000000 1.0000000000000000 0
   370 0.2250000000000000 0.0000000000000000 0
   371 0.2250000000000000 0.0001504492187500 0
   372 0.2250000000000000 0.0011581250000000 0
   373 0.2250000000000000 0.0037583789062500 0
   374 0.2250000000000000 0.0085600000000000 0
   375 0.2250000000000000 0.0160522460937500 0
   376 0.2250000000000000 0.0266118750000000 0
   377 0.2250000000000000 0.0405101757812500 0
   378 0.2250000000000000 0.0579200000000000 0
   379 0.2250000000000000 0.0789227929687500 0
   380 0.2250000000000000 0.1035156250000000 0
   381 0.2250000000000000 0.1316182226562500 0
   382 0.2250000000000000 0.1630800000000000 0
   383 0.2250000000000000 0.1976870898437500 0
   384 0.2250000000000000 0.2351693749999999 0
   385 0.2250000000000000 0.2752075195312500 0
   386 0.2250000000000000 0.3174400000000001 0
   387 0.2250000000000000 0.3614701367187499 0
   388 0.2250000000000000 0.4068731250000001 0
   389 0.2250000000000000 0.4532030664062499 0
   390 0.2250000000000000 0.5000000000000000 0
   391 0.2250000000000000 0.5467969335937500 0
   392 0.2250000000000000 0.5931268750000003 0
   393 0.2250000000000000 0.6385298632812498 0
   394 0.2250000000000000 0.6825599999999999 0
   395 0.2250000000000000 0.7247924804687500 0
   396 0.2250000000000000 0.7648306250000001 0
   397 0.2250000000000000 0.8023129101562503 0
   398 0.2250000000000000 0.8369199999999997 0
   399 0.2250000000000000 0.8683817773437499 0
   400 0.2250000000000000 0.8964843750000000 0
   401 0.2250000000000000 0.9210772070312504 0
   402 0.2250000000000000 0.9420800000000006 0
   403 0.2250000000000000 0.9594898242187494 0
   404 0.2250000000000000 0.9733881249999993 0
   405 0.2250000000000000 0.9839477539062500 0
   406 0.2250000000000000 0.9914400000000003 0
   407 0.2250000000000000 0.9962416210937508 0
   408 0.2250000000000000 0.9988418749999999 0
   409 0.2250000000000000 0.9998495507812494 0
   410 0.2250000000000000 1.0000000000000000 0
   411 0.2500000000000000 0.0000000000000000 0
   412 0.2500000000000000 0.0001504492187500 0
   413 0.2500000000000000 0.0011581250000000 0
   414 0.2500000000000000 0.0037583789062500 0
   415 0.2500000000000000 0.0085600000000000 0
   416 0.2500000000000000 0.0160522460937500 0
   417 0.2500000000000000 0.0266118750000000 0
   418 0.2500000000000000 0.0405101757812500 0
   419 0.2500000000000000 0.0579200000000000 0
   420 0.2500000000000000 0.0789227929687500 0
   421 0.2500000000000000 0.1035156250000000 0
   422 0.2500000000000000 0.1316182226562500 0
   423 0.2500000000000000 0.1630800000000000 0
   424 0.2500000000000000 0.1976870898437500 0
   425 0.2500000000000000 0.2351693749999999 0
   426 0.2500000000000000 0.2752075195312500 0
   427 0.2500000000000000 0.3174400000000001 0
   428 0.2500000000000000 0.3614701367187499 0
   429 0.2500000000000000 0.4068731250000001 0
   430 0.2500000000000000 0.4532030664062499 0
   431 0.2500000000000000 0.5000000000000000 0
   432 0.2500000000000000 0.5467969335937500 0
   433 0.2500000000000000 0.5931268750000003 0
   434 0.2500000000000000 0.6385298632812498 0
   435 0.2500000000000000 0.6825599999999999 0
   436 0.2500000000000000 0.7247924804687500 0
   437 0.2500000000000000 0.7648306250000001 0
   438 0.2500000000000000 0.8023129101562503 0
   439 0.2500000000000000 0.8369199999999997 0
   440 0.2500000000000000 0.8683817773437499 0
   441 0.2500000000000000 0.8964843750000000 0
   442 0.2500000000000000 0.9210772070312504 0
   443 0.2500000000000000 0.9420800000000006 0
   444 0.2500000000000000 0.9594898242187494 0
   445 0.2500000000000000 0.9733881249999993 0
   446 0.2500000000000000 0.9839477539062500 0
   447 0.2500000000000000 0.9914400000000003 0
   448 0.2500000000000000 0.9962416210937508 0
   449 0.2500000000000000 0.9988418749999999 0
   450 0.2500000000000000 0.9998495507812494 0
   451 0.2500000000000000 1.0000000000000000 0
   452 0.2750000000000000 0.0000000000000000 0
   453 0.2750000000000000 0.0001504492187500 0
   454 0.2750000000000000 0.0011581250000000 0
   455 0.2750000000000000 0.0037583789062500 0
   456 0.2750000000000000 0.0085600000000000 0
   457 0.2750000000000000 0.0160522460937500 0
   458 0.2750000000000000 0.0266118750000000 0
   459 0.2750000000000000 0.0405101757812500 0
   460 0.2750000000000000 0.0579200000000000 0
   461 0.2750000000000000 0.0789227929687500 0
   462 0.2750000000000000 0.1035156250000000 0
   463 0.2750000000000000 0.1316182226562500 0
   464 0.2750000000000000 0.1630800000000000 0
   465 0.2750000000000000 0.1976870898437500 0
   466 0.2750000000000000 0.2351693749999999 0
   467 0.2750000000000000 0.2752075195312500 0
   468 0.2750000000000000 0.3174400000000001 0
   469 0.2750000000000000 0.3614701367187499 0
   470 0.2750000000000000 0.4068731250000001 0
   471 0.2750000000000000 0.4532030664062499 0
   472 0.2750000000000000 0.5000000000000000 0
   473 0.2750000000000000 0.5467969335937500 0
   474 0.2750000000000000 0.5931268750000003 0
   475 0.2750000000000000 0.6385298632812498 0
   476 0.2750000000000000 0.6825599999999999 0
   477 0.2750000000000000 0.7247924804687500 0
   478 0.2750000000000000 0.7648306250000001 0
   479 0.2750000000000000 0.8023129101562503 0
   480 0.2750000000000000 0.8369199999999997 0
   481 0.2750000000000000 0.8683817773437499 0
   482 0.2750000000000000 0.8964843750000000 0
   483 0.2750000000000000 0.9210772070312504 0
   484 0.2750000000000000 0.9420800000000006 0
   485 0.2750000000000000 0.9594898242187494 0
   486 0.2750000000000000 0.9733881249999993 0
   487 0.2750000000000000 0.9839477539062500 0
   488 0.2750000000000000 0.9914400000000003 0
   489 0.2750000000000000 0.9962416210937508 0
   490 0.2750000000000000 0.9988418749999999 0
   491 0.2750000000000000 0.9998495507812494 0
   492 0.2750000000000000 1.0000000000000000 0
   493 0.3000000000000000 0.0000000000000000 0
   494 0.3000000000000000 0.0001504492187500 0
   495 0.3000000000000000 0.0011581250000000 0
   496 0.3000000000000000 0.0037583789062500 0
   497 0.3000000000000000 0.0085600000000000 0
   498 0.3000000000000000 0.0160522460937500 0
   499 0.3000000000000000 0.0266118750000000 0
   500 0.3000000000000000 0.0405101757812500 0
   501 0.3000000000000000 0.0579200000000000 0
   502 0.3000000000000000 0.0789227929687500 0
   503 0.3000000000000000 0.1035156250000000 0
   504 0.3000000000000000 0.1316182226562500 0
   505 0.3000000000000000 0.1630800000000000 0
   506 0.3000000000000000 0.1976870898437500 0
   507 0.3000000000000000 0.2351693749999999 0
   508 0.3000000000000000 0.2752075195312500 0
   509 0.3000000000000000 0.3174400000000001 0
   510 0.3000000000000000 0.3614701367187499 0
   511 0.3000000000000000 0.4068731250000001 0
   512 0.3000000000000000 0.4532030664062499 0
   513 0.3000000000000000 0.5000000000000000 0
   514 0.3000000000000000 0.5467969335937500 0
   515 0.3000000000000000 0.5931268750000003 0
   516 0.3000000000000000 0.6385298632812498 0
   517 0.3000000000000000 0.6825599999999999 0
   518 0.3000000000000000 0.7247924804687500 0
   519 0.3000000000000000 0.7648306250000001 0
   520 0.3000000000000000 0.8023129101562503 0
   521 0.3000000000000000 0.8369199999999997 0
   522 0.3000000000000000 0.8683817773437499 0
   523 0.3000000000000000 0.8964843750000000 0
   524 0.3000000000000000 0.9210772070312504 0
   525 0.3000000000000000 0.9420800000000006 0
   526 0.3000000000000000 0.9594898242187494 0
   527 0.3000000000000000 0.9733881249999993 0
   528 0.3000000000000000 0.9839477539062500 0
   529 0.3000000000000000 0.9914400000000003 0
   530 0.3000000000000000 0.9962416210937508 0
   531 0.3000000000000000 0.9988418749999999 0
   532 0.3000000000000000 0.9998495507812494 0
   533 0.3000000000000000 1.0000000000000000 0
   534 0.3250000000000000 0.0000000000000000 0
   535 0.3250000000000000 0.0001504492187500 0
   536 0.3250000000000000 0.0011581250000000 0
   537 0.3250000000000000 0.0037583789062500 0
   538 0.3250000000000000 0.0085600000000000 0
   539 0.3250000000000000 0.0160522460937500 0
   540 0.3250000000000000 0.0266118750000000 0
   541 0.3250000000000000 0.0405101757812500 0
   542 0.3250000000000000 0.0579200000000000 0
   543 0.3250000000000000 0.0789227929687500 0
   544 0.3250000000000000 0.1035156250000000 0
   545 0.3250000000000000 0.1316182226562500 0
   546 0.3250000000000000 0.1630800000000000 0
   547 0.3250000000000000 0.1976870898437500 0
   548 0.3250000000000000 0.2351693749999999 0
   549 0.3250000000000000 0.2752075195312500 0
   550 0.3250000000000000 0.3174400000000001 0
   551 0.3250000000000000 0.3614701367187499 0
   552 0.3250000000000000 0.4068731250000001 0
   553 0.3250000000000000 0.4532030664062499 0
   554 0.3250000000000000 0.5000000000000000 0
   555 0.3250000000000000 0.5467969335937500 0
   556 0.3250000000000000 0.5931268750000003 0
   557 0.3250000000000000 0.6385298632812498 0
   558 0.3250000000000000 0.6825599999999999 0
   559 0.3250000000000000 0.7247924804687500 0
   560 0.3250000000000000 0.7648306250000001 0
   561 0.3250000000000000 0.8023129101562503 0
   562 0.3250000000000000 0.8369199999999997 0
   563 0.3250000000000000 0.8683817773437499 0
   564 0.3250000000000000 0.8964843750000000 0
   565 0.3250000000000000 0.9210772070312504 0
   566 0.3250000000000000 0.9420800000000006 0
   567 0.3250000000000000 0.9594898242187494 0
   568 0.3250000000000000 0.9733881249999993 0
   569 0.3250000000000000 0.9839477539062500 0
   570 0.3250000000000000 0.9914400000000003 0
   571 0.3250000000000000 0.9962416210937508 0
   572 0.3250000000000000 0.9988418749999999 0
   573 0.3250000000000000 0.9998495507812494 0
   574 0.3250000000000000 1.0000000000000000 0
   575 0.3500000000000000 0.0000000000000000 0
   576 0.3500000000000000 0.0001504492187500 0
   577 0.3500000000000000 0.0011581250000000 0
   578 0.3500000000000000 0.0037583789062500 0
   579 0.3500000000000000 0.0085600000000000 0
   580 0.3500000000000000 0.0160522460937500 0
   581 0.3500000000000000 0.0266118750000000 0
   582 0.3500000000000000 0.0405101757812500 0
   583 0.3500000000000000 0.0579200000000000 0
   584 0.3500000000000000 0.0789227929687500 0
   585 0.3500000000000000 0.1035156250000000 0
   586 0.3500000000000000 0.1316182226562500 0
   587 0.3500000000000000 0.1630800000000000 0
   588 0.3500000000000000 0.1976870898437500 0
   589 0.3500000000000000 0.2351693749999999 0
   590 0.3500000000000000 0.2752075195312500 0
   591 0.3500000000000000 0.3174400000000001 0
   592 0.3500000000000000 0.3614701367187499 0
   593 0.3500000000000000 0.4068731250000001 0
   594 0.3500000000000000 0.4532030664062499 0
   595 0.3500000000000000 0.5000000000000000 0
   596 0.3500000000000000 0.5467969335937500 0
   597 0.3500000000000000 0.5931268750000003 0
   598 0.3500000000000000 0.6385298632812498 0
   599 0.3500000000000000 0.6825599999999999 0
   600 0.3500000000000000 0.7247924804687500 0
   601 0.3500000000000000 0.7648306250000001 0
   602 0.3500000000000000 0.8023129101562503 0
   603 0.3500000000000000 0.8369199999999997 0
   604 0.3500000000000000 0.8683817773437499 0
   605 0.3500000000000000 0.8964843750000000 0
   606 0.3500000000000000 0.9210772070312504 0
   607 0.3500000000000000 0.9420800000000006 0
   608 0.3500000000000000 0.9594898242187494 0
   609 0.3500000000000000 0.9733881249999993 0
   610 0.3500000000000000 0.9839477539062500 0
   611 0.3500000000000000 0.9914400000000003 0
   612 0.3500000000000000 0.9962416210937508 0
   613 0.3500000000000000 0.9988418749999999 0
   614 0.3500000000000000 0.9998495507812494 0
   615 0.3500000000000000 1.0000000000000000 0
   616 0.3750000000000000 0.0000000000000000 0
   617 0.3750000000000000 0.0001504492187500 0
   618 0.3750000000000000 0.0011581250000000 0
   619 0.3750000000000000 0.0037583789062500 0
   620 0.3750000000000000 0.0085600000000000 0
   621 0.3750000000000000 0.0160522460937500 0
   622 0.3750000000000000 0.0266118750000000 0
   623 0.3750000000000000 0.0405101757812500 0
   624 0.3750000000000000 0.0579200000000000 0
   625 0.3750000000000000 0.0789227929687500 0
   626 0.3750000000000000 0.1035156250000000 0
   627 0.3750000000000000 0.1316182226562500 0
   628 0.3750000000000000 0.1630800000000000 0
   629 0.3750000000000000 0.1976870898437500 0
   630 0.3750000000000000 0.2351693749999999 0
   631 0.3750000000000000 0.2752075195312500 0
   632 0.3750000000000000 0.3174400000000001 0
   633 0.3750000000000000 0.3614701367187499 0
   634 0.3750000000000000 0.4068731250000001 0
   635 0.3750000000000000 0.4532030664062499 0
   636 0.3750000000000000 0.5000000000000000 0
   637 0.3750000000000000 0.5467969335937500 0
   638 0.3750000000000000 0.5931268750000003 0
   639 0.3750000000000000 0.6385298632812498 0
   640 0.3750000000000000 0.6825599999999999 0
   641 0.3750000000000000 0.7247924804687500 0
   642 0.3750000000000000 0.7648306250000001 0
   643 0.3750000000000000 0.8023129101562503 0
   644 0.3750000000000000 0.8369199999999997 0
   645 0.3750000000000000 0.8683817773437499 0
   646 0.3750000000000000 0.8964843750000000 0
   647 0.3750000000000000 0.9210772070312504 0
   648 0.3750000000000000 0.9420800000000006 0
   649 0.3750000000000000 0.9594898242187494 0
   650 0.3750000000000000 0.9733881249999993 0
   651 0.3750000000000000 0.9839477539062500 0
   652 0.3750000000000000 0.9914400000000003 0
   653 0.3750000000000000 0.9962416210937508 0
   654 0.3750000000000000 0.9988418749999999 0
   655 0.3750000000000000 0.9998495507812494 0
   656 0.3750000000000000 1.0000000000000000 0
   657 0.4000000000000000 0.0000000000000000 0
   658 0.4000000000000000 0.0001504492187500 0
   659 0.4000000000000000 0.0011581250000000 0
   660 0.4000000000000000 0.0037583789062500 0
   661 0.4000000000000000 0.0085600000000000 0
   662 0.4000000000000000 0.0160522460937500 0
   663 0.4000000000000000 0.0266118750000000 0
   664 0.4000000000000000 0.0405101757812500 0
   665 0.4000000000000000 0.0579200000000000 0
   666 0.4000000000000000 0.0789227929687500 0
   667 0.4000000000000000 0.1035156250000000 0
   668 0.4000000000000000 0.1316182226562500 0
   669 0.4000000000000000 0.1630800000000000 0
   670 0.4000000000000000 0.1976870898437500 0
   671 0.4000000000000000 0.2351693749999999 0
   672 0.4000000000000000 0.2752075195312500 0
   673 0.4000000000000000 0.3174400000000001 0
   674 0.4000000000000000 0.3614701367187499 0
   675 0.4000000000000000 0.4068731250000001 0
   676 0.4000000000000000 0.4532030664062499 0
   677 0.4000000000000000 0.5000000000000000 0
   678 0.4000000000000000 0.5467969335937500 0
   679 0.4000000000000000 0.5931268750000003 0
   680 0.4000000000000000 0.6385298632812498 0
   681 0.4000000000000000 0.6825599999999999 0
   682 0.4000000000000000 0.7247924804687500 0
   683 0.4000000000000000 0.7648306250000001 0
   684 0.4000000000000000 0.8023129101562503 0
   685 0.4000000000000000 0.8369199999999997 0
   686 0.4000000000000000 0.8683817773437499 0
   687 0.4000000000000000 0.8964843750000000 0
   688 0.4000000000000000 0.9210772070312504 0
   689 0.4000000000000000 0.9420800000000006 0
   690 0.4000000000000000 0.9594898242187494 0
   691 0.4000000000000000 0.9733881249999993 0
   692 0.4000000000000000 0.9839477539062500 0
   693 0.4000000000000000 0.9914400000000003 0
   694 0.4000000000000000 0.9962416210937508 0
   695 0.4000000000000000 0.9988418749999999 0
   696 0.4000000000000000 0.9998495507812494 0
   697 0.4000000000000000 1.0000000000000000 0
   698 0.4250000000000000 0.0000000000000000 0
   699 0.4250000000000000 0.0001504492187500 0
   700 0.4250000000000000 0.0011581250000000 0
   701 0.4250000000000000 0.0037583789062500 0
   702 0.4250000000000000 0.0085600000000000 0
   703 0.4250000000000000 0.0160522460937500 0
   704 0.4250000000000000 0.0266118750000000 0
   705 0.4250000000000000 0.0405101757812500 0
   706 0.4250000000000000 0.0579200000000000 0
   707 0.4250000000000000 0.0789227929687500 0
   708 0.4250000000000000 0.1035156250000000 0
   709 0.4250000000000000 0.1316182226562500 0
   710 0.4250000000000000 0.1630800000000000 0
   711 0.4250000000000000 0.1976870898437500 0
   712 0.4250000000000000 0.2351693749999999 0
   713 0.4250000000000000 0.2752075195312500 0
   714 0.4250000000000000 0.3174400000000001 0
   715 0.4250000000000000 0.3614701367187499 0
   716 0.4250000000000000 0.4068731250000001 0
   717 0.4250000000000000 0.4532030664062499 0
   718 0.4250000000000000 0.5000000000000000 0
   719 0.4250000000000000 0.5467969335937500 0
   720 0.4250000000000000 0.5931268750000003 0
   721 0.4250000000000000 0.6385298632812498 0
   722 0.4250000000000000 0.6825599999999999 0
   723 0.4250000000000000 0.7247924804687500 0
   724 0.4250000000000000 0.7648306250000001 0
   725 0.4250000000000000 0.8023129101562503 0
   726 0.4250000000000000 0.8369199999999997 0
   727 0.4250000000000000 0.8683817773437499 0
   728 0.4250000000000000 0.8964843750000000 0
   729 0.4250000000000000 0.9210772070312504 0
   730 0.4250000000000000 0.9420800000000006 0
   731 0.4250000000000000 0.9594898242187494 0
   732 0.4250000000000000 0.9733881249999993 0
   733 0.4250000000000000 0.9839477539062500 0
   734 0.4250000000000000 0.9914400000000003 0
   735 0.4250000000000000 0.9962416210937508 0
   736 0.4250000000000000 0.9988418749999999 0
   737 0.4250000000000000 0.9998495507812494 0
   738 0.4250000000000000 1.0000000000000000 0
   739 0.4500000000000000 0.0000000000000000 0
   740 0.4500000000000000 0.0001504492187500 0
   741 0.4500000000000000 0.0011581250000000 0
   742 0.4500000000000000 0.0037583789062500 0
   743 0.4500000000000000 0.0085600000000000 0
   744 0.4500000000000000 0.0160522460937500 0
   745 0.4500000000000000 0.0266118750000000 0
   746 0.4500000000000000 0.0405101757812500 0
   747 0.4500000000000000 0.0579200000000000 0
   748 0.4500000000000000 0.0789227929687500 0
   749 0.4500000000000000 0.1035156250000000 0
   750 0.4500000000000000 0.1316182226562500 0
   751 0.4500000000000000 0.1630800000000000 0
   752 0.4500000000000000 0.1976870898437500 0
   753 0.4500000000000000 0.2351693749999999 0
   754 0.4500000000000000 0.2752075195312500 0
   755 0.4500000000000000 0.3174400000000001 0
   756 0.4500000000000000 0.3614701367187499 0
   757 0.4500000000000000 0.4068731250000001 0
   758 0.4500000000000000 0.4532030664062499 0
   759 0.4500000000000000 0.5000000000000000 0
   760 0.4500000000000000 0.5467969335937500 0
   761 0.4500000000000000 0.5931268750000003 0
   762 0.4500000000000000 0.6385298632812498 0
   763 0.4500000000000000 0.6825599999999999 0
   764 0.4500000000000000 0.7247924804687500 0
   765 0.4500000000000000 0.7648306250000001 0
   766 0.4500000000000000 0.8023129101562503 0
   767 0.4500000000000000 0.8369199999999997 0
   768 0.4500000000000000 0.8683817773437499 0
   769 0.4500000000000000 0.8964843750000000 0
   770 0.4500000000000000 0.9210772070312504 0
   771 0.4500000000000000 0.9420800000000006 0
   772 0.4500000000000000 0.9594898242187494 0
   773 0.4500000000000000 0.9733881249999993 0
   774 0.4500000000000000 0.9839477539062500 0
   775 0.4500000000000000 0.9914400000000003 0
   776 0.4500000000000000 0.9962416210937508 0
   777 0.4500000000000000 0.9988418749999999 0
   778 0.4500000000000000 0.9998495507812494 0
   779 0.4500000000000000 1.0000000000000000 0
   780 0.4750000000000000 0.0000000000000000 0
   781 0.4750000000000000 0.0001504492187500 0
   782 0.4750000000000000 0.0011581250000000 0
   783 0.4750000000000000 0.0037583789062500 0
   784 0.4750000000000000 0.0085600000000000 0
   785 0.4750000000000000 0.0160522460937500 0
   786 0.4750000000000000 0.0266118750000000 0
   787 0.4750000000000000 0.0405101757812500 0
   788 0.4750000000000000 0.0579200000000000 0
   789 0.4750000000000000 0.0789227929687500 0
   790 0.4750000000000000 0.1035156250000000 0
   791 0.4750000000000000 0.1316182226562500 0
   792 0.4750000000000000 0.1630800000000000 0
   793 0.4750000000000000 0.1976870898437500 0
   794 0.4750000000000000 0.2351693749999999 0
   795 0.4750000000000000 0.2752075195312500 0
   796 0.4750000000000000 0.3174400000000001 0
   797 0.4750000000000000 0.3614701367187499 0
   798 0.4750000000000000 0.4068731250000001 0
   799 0.4750000000000000 0.4532030664062499 0
   800 0.4750000000000000 0.5000000000000000 0
   801 0.4750000000000000 0.5467969335937500 0
   802 0.4750000000000000 0.5931268750000003 0
   803 0.4750000000000000 0.6385298632812498 0
   804 0.4750000000000000 0.6825599999999999 0
   805 0.4750000000000000 0.7247924804687500 0
   806 0.4750000000000000 0.7648306250000001 0
   807 0.4750000000000000 0.8023129101562503 0
   808 0.4750000000000000 0.8369199999999997 0
   809 0.4750000000000000 0.8683817773437499 0
   810 0.4750000000000000 0.8964843750000000 0
   811 0.4750000000000000 0.9210772070312504 0
   812 0.4750000000000000 0.9420800000000006 0
   813 0.4750000000000000 0.9594898242187494 0
   814 0.4750000000000000 0.9733881249999993 0
   815 0.4750000000000000 0.9839477539062500 0
   816 0.4750000000000000 0.9914400000000003 0
   817 0.4750000000000000 0.9962416210937508 0
   818 0.4750000000000000 0.9988418749999999 0
   819 0.4750000000000000 0.9998495507812494 0
   820 0.4750000000000000 1.0000000000000000 0
   821 0.5000000000000000 0.0000000000000000 0
   822 0.5000000000000000 0.0001504492187500 0
   823 0.5000000000000000 0.0011581250000000 0
   824 0.5000000000000000 0.0037583789062500 0
   825 0.5000000000000000 0.0085600000000000 0
   826 0.5000000000000000 0.0160522460937500 0
   827 0.5000000000000000 0.0266118750000000 0
   828 0.5000000000000000 0.0405101757812500 0
   829 0.5000000000000000 0.0579200000000000 0
   830 0.5000000000000000 0.0789227929687500 0
   831 0.5000000000000000 0.1035156250000000 0
   832 0.5000000000000000 0.1316182226562500 0
   833 0.5000000000000000 0.1630800000000000 0
   834 0.5000000000000000 0.1976870898437500 0
   835 0.5000000000000000 0.2351693749999999 0
   836 0.5000000000000000 0.2752075195312500 0
   837 0.5000000000000000 0.3174400000000001 0
   838 0.5000000000000000 0.3614701367187499 0
   839 0.5000000000000000 0.4068731250000001 0
   840 0.5000000000000000 0.4532030664062499 0
   841 0.5000000000000000 0.5000000000000000 0
   842 0.5000000000000000 0.5467969335937500 0
   843 0.5000000000000000 0.5931268750000003 0
   844 0.5000000000000000 0.6385298632812498 0
   845 0.5000000000000000 0.6825599999999999 0
   846 0.5000000000000000 0.7247924804687500 0
   847 0.5000000000000000 0.7648306250000001 0
   848 0.5000000000000000 0.8023129101562503 0
   849 0.5000000000000000 0.8369199999999997 0
   850 0.5000000000000000 0.8683817773437499 0
   851 0.5000000000000000 0.8964843750000000 0
   852 0.5000000000000000 0.9210772070312504 0
   853 0.5000000000000000 0.9420800000000006 0
   854 0.5000000000000000 0.9594898242187494 0
   855 0.5000000000000000 0.9733881249999993 0
   856 0.5000000000000000 0.9839477539062500 0
   857 0.5000000000000000 0.9914400000000003 0
   858 0.5000000000000000 0.9962416210937508 0
   859 0.5000000000000000 0.9988418749999999 0
   860 0.5000000000000000 0.9998495507812494 0
   861 0.5000000000000000 1.0000000000000000 0
   862 0.5250000000000000 0.0000000000000000 0
   863 0.5250000000000000 0.0001504492187500 0
   864 0.5250000000000000 0.0011581250000000 0
   865 0.5250000000000000 0.0037583789062500 0
   866 0.5250000000000000 0.0085600000000000 0
   867 0.5250000000000000 0.0160522460937500 0
   868 0.5250000000000000 0.0266118750000000 0
   869 0.5250000000000000 0.0405101757812500 0
   870 0.5250000000000000 0.0579200000000000 0
   871 0.5250000000000000 0.0789227929687500 0
   872 0.5250000000000000 0.1035156250000000 0
   873 0.5250000000000000 0.1316182226562500 0
   874 0.5250000000000000 0.1630800000000000 0
   875 0.5250000000000000 0.1976870898437500 0
   876 0.5250000000000000 0.2351693749999999 0
   877 0.5250000000000000 0.2752075195312500 0
   878 0.5250000000000000 0.3174400000000001 0
   879 0.5250000000000000 0.3614701367187499 0
   880 0.5250000000000000 0.4068731250000001 0
   881 0.5250000000000000 0.4532030664062499 0
   882 0.5250000000000000 0.5000000000000000 0
   883 0.5250000000000000 0.5467969335937500 0
   884 0.5250000000000000 0.5931268750000003 0
   885 0.5250000000000000 0.6385298632812498 0
   886 0.5250000000000000 0.6825599999999999 0
   887 0.5250000000000000 0.7247924804687500 0
   888 0.5250000000000000 0.7648306250000001 0
   889 0.5250000000000000 0.8023129101562503 0
   890 0.5250000000000000 0.8369199999999997 0
   891 0.5250000000000000 0.8683817773437499 0
   892 0.5250000000000000 0.8964843750000000 0
   893 0.5250000000000000 0.9210772070312504 0
   894 0.5250000000000000 0.9420800000000006 0
   895 0.5250000000000000 0.9594898242187494 0
   896 0.5250000000000000 0.9733881249999993 0
   897 0.5250000000000000 0.9839477539062500 0
   898 0.5250000000000000 0.9914400000000003 0
   899 0.5250000000000000 0.9962416210937508 0
   900 0.5250000000000000 0.9988418749999999 0
   901 0.5250000000000000 0.9998495507812494 0
   902 0.5250000000000000 1.0000000000000000 0
   903 0.5500000000000000 0.0000000000000000 0
   904 0.5500000000000000 0.0001504492187500 0
   905 0.5500000000000000 0.0011581250000000 0
   906 0.5500000000000000 0.0037583789062500 0
   907 0.5500000000000000 0.0085600000000000 0
   908 0.5500000000000000 0.0160522460937500 0
   909 0.5500000000000000 0.0266118750000000 0
   910 0.5500000000000000 0.0405101757812500 0
   911 0.5500000000000000 0.0579200000000000 0
   912 0.5500000000000000 0.0789227929687500 0
   913 0.5500000000000000 0.1035156250000000 0
   914 0.5500000000000000 0.1316182226562500 0
   915 0.5500000000000000 0.1630800000000000 0
   916 0.5500000000000000 0.1976870898437500 0
   917 0.5500000000000000 0.2351693749999999 0
   918 0.5500000000000000 0.2752075195312500 0
   919 0.5500000000000000 0.3174400000000001 0
   920 0.5500000000000000 0.3614701367187499 0
   921 0.5500000000000000 0.4068731250000001 0
   922 0.5500000000000000 0.4532030664062499 0
   923 0.5500000000000000 0.5000000000000000 0
   924 0.5500000000000000 0.5467969335937500 0
   925 0.5500000000000000 0.5931268750000003 0
   926 0.5500000000000000 0.6385298632812498 0
   927 0.5500000000000000 0.6825599999999999 0
   928 0.5500000000000000 0.7247924804687500 0
   929 0.5500000000000000 0.7648306250000001 0
   930 0.5500000000000000 0.8023129101562503 0
   931 0.5500000000000000 0.8369199999999997 0
   932 0.5500000000000000 0.8683817773437499 0
   933 0.5500000000000000 0.8964843750000000 0
   934 0.5500000000000000 0.9210772070312504 0
   935 0.5500000000000000 0.9420800000000006 0
   936 0.5500000000000000 0.9594898242187494 0
   937 0.5500000000000000 0.9733881249999993 0
   938 0.5500000000000000 0.9839477539062500 0
   939 0.5500000000000000 0.9914400000000003 0
   940 0.5500000000000000 0.9962416210937508 0
   941 0.5500000000000000 0.9988418749999999 0
   942 0.5500000000000000 0.9998495507812494 0
   943 0.5500000000000000 1.0000000000000000 0
   944 0.5750000000000000 0.0000000000000000 0
   945 0.5750000000000000 0.0001504492187500 0
   946 0.5750000000000000 0.0011581250000000 0
   947 0.5750000000000000 0.0037583789062500 0
   948 0.5750000000000000 0.0085600000000000 0
   949 0.5750000000000000 0.0160522460937500 0
   950 0.5750000000000000 0.0266118750000000 0
   951 0.5750000000000000 0.0405101757812500 0
   952 0.5750000000000000 0.0579200000000000 0
   953 0.5750000000000000 0.0789227929687500 0
   954 0.5750000000000000 0.1035156250000000 0
   955 0.5750000000000000 0.1316182226562500 0
   956 0.5750000000000000 0.1630800000000000 0
   957 0.5750000000000000 0.1976870898437500 0
   958 0.5750000000000000 0.2351693749999999 0
   959 0.5750000000000000 0.2752075195312500 0
   960 0.5750000000000000 0.3174400000000001 0
   961 0.5750000000000000 0.3614701367187499 0
   962 0.5750000000000000 0.4068731250000001 0
   963 0.5750000000000000 0.4532030664062499 0
   964 0.5750000000000000 0.5000000000000000 0
   965 0.5750000000000000 0.5467969335937500 0
   966 0.5750000000000000 0.5931268750000003 0
   967 0.5750000000000000 0.6385298632812498 0
   968 0.5750000000000000 0.6825599999999999 0
   969 0.5750000000000000 0.7247924804687500 0
   970 0.5750000000000000 0.7648306250000001 0
   971 0.5750000000000000 0.8023129101562503 0
   972 0.5750000000000000 0.8369199999999997 0
   973 0.5750000000000000 0.8683817773437499 0
   974 0.5750000000000000 0.8964843750000000 0
   975 0.5750000000000000 0.9210772070312504 0
   976 0.5750000000000000 0.9420800000000006 0
   977 0.5750000000000000 0.9594898242187494 0
   978 0.5750000000000000 0.9733881249999993 0
   979 0.5750000000000000 0.9839477539062500 0
   980 0.5750000000000000 0.9914400000000003 0
   981 0.5750000000000000 0.9962416210937508 0
   982 0.5750000000000000 0.9988418749999999 0
   983 0.5750000000000000 0.9998495507812494 0
   984 0.5750000000000000 1.0000000000000000 0
   985 0.6000000000000000 0.0000000000000000 0
   986 0.6000000000000000 0.0001504492187500 0
   987 0.6000000000000000 0.0011581250000000 0
   988 0.6000000000000000 0.0037583789062500 0
   989 0.6000000000000000 0.0085600000000000 0
   990 0.6000000000000000 0.0160522460937500 0
   991 0.6000000000000000 0.0266118750000000 0
   992 0.6000000000000000 0.0405101757812500 0
   993 0.6000000000000000 0.0579200000000000 0
   994 0.6000000000000000 0.0789227929687500 0
   995 0.6000000000000000 0.1035156250000000 0
   996 0.6000000000000000 0.1316182226562500 0
   997 0.6000000000000000 0.1630800000000000 0
   998 0.6000000000000000 0.1976870898437500 0
   999 0.6000000000000000 0.2351693749999999 0
  1000 0.6000000000000000 0.2752075195312500 0
  1001 0.6000000000000000 0.3174400000000001 0
  1002 0.6000000000000000 0.3614701367187499 0
  1003 0.6000000000000000 0.4068731250000001 0
  1004 0.6000000000000000 0.4532030664062499 0
  1005 0.6000000000000000 0.5000000000000000 0
  1006 0.6000000000000000 0.5467969335937500 0
  1007 0.6000000000000000 0.5931268750000003 0
  1008 0.6000000000000000 0.6385298632812498 0
  1009 0.6000000000000000 0.6825599999999999 0
  1010 0.6000000000000000 0.7247924804687500 0
  1011 0.6000000000000000 0.7648306250000001 0
  1012 0.6000000000000000 0.8023129101562503 0
  1013 0.6000000000000000 0.8369199999999997 0
  1014 0.6000000000000000 0.8683817773437499 0
  1015 0.6000000000000000 0.8964843750000000 0
  1016 0.6000000000000000 0.9210772070312504 0
  1017 0.6000000000000000 0.9420800000000006 0
  1018 0.6000000000000000 0.9594898242187494 0
  1019 0.6000000000000000 0.9733881249999993 0
  1020 0.6000000000000000 0.9839477539062500 0
  1021 0.6000000000000000 0.9914400000000003 0
  1022 0.6000000000000000 0.9962416210937508 0
  1023 0.6000000000000000 0.9988418749999999 0
  1024 0.6000000000000000 0.9998495507812494 0
  1025 0.6000000000000000 1.0000000000000000 0
  1026 0.6250000000000000 0.0000000000000000 0
  1027 0.6250000000000000 0.0001504492187500 0
  1028 0.6250000000000000 0.0011581250000000 0
  1029 0.6250000000000000 0.0037583789062500 0
  1030 0.6250000000000000 0.0085600000000000 0
  1031 0.6250000000000000 0.0160522460937500 0
  1032 0.6250000000000000 0.0266118750000000 0
  1033 0.6250000000000000 0.0405101757812500 0
  1034 0.6250000000000000 0.0579200000000000 0
  1035 0.6250000000000000 0.0789227929687500 0
  1036 0.6250000000000000 0.1035156250000000 0
  1037 0.6250000000000000 0.1316182226562500 0
  1038 0.6250000000000000 0.1630800000000000 0
  1039 0.6250000000000000 0.1976870898437500 0
  1040 0.6250000000000000 0.2351693749999999 0
  1041 0.6250000000000000 0.2752075195312500 0
  1042 0.6250000000000000 0.3174400000000001 0
  1043 0.6250000000000000 0.3614701367187499 0
  1044 0.6250000000000000 0.4068731250000001 0
  1045 0.6250000000000000 0.4532030664062499 0
  1046 0.6250000000000000 0.5000000000000000 0
  1047 0.6250000000000000 0.5467969335937500 0
  1048 0.6250000000000000 0.5931268750000003 0
  1049 0.6250000000000000 0.6385298632812498 0
  1050 0.6250000000000000 0.6825599999999999 0
  1051 0.6250000000000000 0.7247924804687500 0
  1052 0.6250000000000000 0.7648306250000001 0
  1053 0.6250000000000000 0.8023129101562503 0
  1054 0.6250000000000000 0.8369199999999997 0
  1055 0.6250000000000000 0.8683817773437499 0
  1056 0.6250000000000000 0.8964843750000000 0
  1057 0.6250000000000000 0.9210772070312504 0
  1058 0.6250000000000000 0.9420800000000006 0
  1059 0.6250000000000000 0.9594898242187494 0
  1060 0.6250000000000000 0.9733881249999993 0
  1061 0.6250000000000000 0.9839477539062500 0
  1062 0.6250000000000000 0.9914400000000003 0
  1063 0.6250000000000000 0.9962416210937508 0
  1064 0.6250000000000000 0.9988418749999999 0
  1065 0.6250000000000000 0.9998495507812494 0
  1066 0.6250000000000000 1.0000000000000000 0
  1067 0.6500000000000000 0.0000000000000000 0
  1068 0.6500000000000000 0.0001504492187500 0
  1069 0.6500000000000000 0.0011581250000000 0
  1070 0.6500000000000000 0.0037583789062500 0
  1071 0.6500000000000000 0.0085600000000000 0
  1072 0.6500000000000000 0.0160522460937500 0
  1073 0.6500000000000000 0.0266118750000000 0
  1074 0.6500000000000000 0.0405101757812500 0
  1075 0.6500000000000000 0.0579200000000000 0
  1076 0.6500000000000000 0.0789227929687500 0
  1077 0.6500000000000000 0.1035156250000000 0
  1078 0.6500000000000000 0.1316182226562500 0
  1079 0.6500000000000000 0.1630800000000000 0
  1080 0.6500000000000000 0.1976870898437500 0
  1081 0.6500000000000000 0.2351693749999999 0
  1082 0.6500000000000000 0.2752075195312500 0
  1083 0.6500000000000000 0.3174400000000001 0
  1084 0.6500000000000000 0.3614701367187499 0
  1085 0.6500000000000000 0.4068731250000001 0
  1086 0.6500000000000000 0.4532030664062499 0
  1087 0.6500000000000000 0.5000000000000000 0
  1088 0.6500000000000000 0.5467969335937500 0
  1089 0.6500000000000000 0.5931268750000003 0
  1090 0.6500000000000000 0.6385298632812498 0
  1091 0.6500000000000000 0.6825599999999999 0
  1092 0.6500000000000000 0.7247924804687500 0
  1093 0.6500000000000000 0.7648306250000001 0
  1094 0.6500000000000000 0.8023129101562503 0
  1095 0.6500000000000000 0.8369199999999997 0
  1096 0.6500000000000000 0.8683817773437499 0
  1097 0.6500000000000000 0.8964843750000000 0
  1098 0.6500000000000000 0.9210772070312504 0
  1099 0.6500000000000000 0.9420800000000006 0
  1100 0.6500000000000000 0.9594898242187494 0
  1101 0.6500000000000000 0.9733881249999993 0
  1102 0.6500000000000000 0.9839477539062500 0
  1103 0.6500000000000000 0.9914400000000003 0
  1104 0.6500000000000000 0.9962416210937508 0
  1105 0.6500000000000000 0.9988418749999999 0
  1106 0.6500000000000000 0.9998495507812494 0
  1107 0.6500000000000000 1.0000000000000000 0
  1108 0.6750000000000000 0.0000000000000000 0
  1109 0.6750000000000000 0.0001504492187500 0
  1110 0.6750000000000000 0.0011581250000000 0
  1111 0.6750000000000000 0.0037583789062500 0
  1112 0.6750000000000000 0.0085600000000000 0
  1113 0.6750000000000000 0.0160522460937500 0
  1114 0.6750000000000000 0.0266118750000000 0
  1115 0.6750000000000000 0.0405101757812500 0
  1116 0.6750000000000000 0.0579200000000000 0
  1117 0.6750000000000000 0.0789227929687500 0
  1118 0.6750000000000000 0.1035156250000000 0
  1119 0.6750000000000000 0.1316182226562500 0
  1120 0.6750000000000000 0.1630800000000000 0
  1121 0.6750000000000000 0.1976870898437500 0
  1122 0.6750000000000000 0.2351693749999999 0
  1123 0.6750000000000000 0.2752075195312500 0
  1124 0.6750000000000000 0.3174400000000001 0
  1125 0.6750000000000000 0.3614701367187499 0
  1126 0.6750000000000000 0.4068731250000001 0
  1127 0.6750000000000000 0.4532030664062499 0
  1128 0.6750000000000000 0.5000000000000000 0
  1129 0.6750000000000000 0.5467969335937500 0
  1130 0.6750000000000000 0.5931268750000003 0
  1131 0.6750000000000000 0.6385298632812498 0
  1132 0.6750000000000000 0.6825599999999999 0
  1133 0.6750000000000000 0.7247924804687500 0
  1134 0.6750000000000000 0.7648306250000001 0
  1135 0.6750000000000000 0.8023129101562503 0
  1136 0.6750000000000000 0.8369199999999997 0
  1137 0.6750000000000000 0.8683817773437499 0
  1138 0.6750000000000000 0.8964843750000000 0
  1139 0.6750000000000000 0.9210772070312504 0
  1140 0.6750000000000000 0.9420800000000006 0
  1141 0.6750000000000000 0.9594898242187494 0
  1142 0.6750000000000000 0.9733881249999993 0
  1143 0.6750000000000000 0.9839477539062500 0
  1144 0.6750000000000000 0.9914400000000003 0
  1145 0.6750000000000000 0.9962416210937508 0
  1146 0.6750000000000000 0.9988418749999999 0
  1147 0.6750000000000000 0.9998495507812494 0
  1148 0.6750000000000000 1.0000000000000000 0
  1149 0.7000000000000000 0.0000000000000000 0
  1150 0.7000000000000000 0.0001504492187500 0
  1151 0.7000000000000000 0.0011581250000000 0
  1152 0.7000000000000000 0.0037583789062500 0
  1153 0.7000000000000000 0.0085600000000000 0
  1154 0.7000000000000000 0.0160522460937500 0
  1155 0.7000000000000000 0.0266118750000000 0
  1156 0.7000000000000000 0.0405101757812500 0
  1157 0.7000000000000000 0.0579200000000000 0
  1158 0.7000000000000000 0.0789227929687500 0
  1159 0.7000000000000000 0.1035156250000000 0
  1160 0.7000000000000000 0.1316182226562500 0
  1161 0.7000000000000000 0.1630800000000000 0
  1162 0.7000000000000000 0.1976870898437500 0
  1163 0.7000000000000000 0.2351693749999999 0
  1164 0.7000000000000000 0.2752075195312500 0
  1165 0.7000000000000000 0.3174400000000001 0
  1166 0.7000000000000000 0.3614701367187499 0
  1167 0.7000000000000000 0.4068731250000001 0
  1168 0.7000000000000000 0.4532030664062499 0
  1169 0.7000000000000000 0.5000000000000000 0
  1170 0.7000000000000000 0.5467969335937500 0
  1171 0.7000000000000000 0.5931268750000003 0
  1172 0.7000000000000000 0.6385298632812498 0
  1173 0.7000000000000000 0.6825599999999999 0
  1174 0.7000000000000000 0.7247924804687500 0
  1175 0.7000000000000000 0.7648306250000001 0
  1176 0.7000000000000000 0.8023129101562503 0
  1177 0.7000000000000000 0.8369199999999997 0
  1178 0.7000000000000000 0.8683817773437499 0
  1179 0.7000000000000000 0.8964843750000000 0
  1180 0.7000000000000000 0.9210772070312504 0
  1181 0.7000000000000000 0.9420800000000006 0
  1182 0.7000000000000000 0.9594898242187494 0
  1183 0.7000000000000000 0.9733881249999993 0
  1184 0.7000000000000000 0.9839477539062500 0
  1185 0.7000000000000000 0.9914400000000003 0
  1186 0.7000000000000000 0.9962416210937508 0
  1187 0.7000000000000000 0.9988418749999999 0
  1188 0.7000000000000000 0.9998495507812494 0
  1189 0.7000000000000000 1.0000000000000000 0
  1190 0.7250000000000000 0.0000000000000000 0
  1191 0.7250000000000000 0.0001504492187500 0
  1192 0.7250000000000000 0.0011581250000000 0
  1193 0.7250000000000000 0.0037583789062500 0
  1194 0.7250000000000000 0.0085600000000000 0
  1195 0.7250000000000000 0.0160522460937500 0
  1196 0.7250000000000000 0.0266118750000000 0
  1197 0.7250000000000000 0.0405101757812500 0
  1198 0.7250000000000000 0.0579200000000000 0
  1199 0.7250000000000000 0.0789227929687500 0
  1200 0.7250000000000000 0.1035156250000000 0
  1201 0.7250000000000000 0.1316182226562500 0
  1202 0.7250000000000000 0.1630800000000000 0
  1203 0.7250000000000000 0.1976870898437500 0
  1204 0.7250000000000000 0.2351693749999999 0
  1205 0.7250000000000000 0.2752075195312500 0
  1206 0.7250000000000000 0.3174400000000001 0
  1207 0.7250000000000000 0.3614701367187499 0
  1208 0.7250000000000000 0.4068731250000001 0
  1209 0.7250000000000000 0.4532030664062499 0
  1210 0.7250000000000000 0.5000000000000000 0
  1211 0.7250000000000000 0.5467969335937500 0
  1212 0.7250000000000000 0.5931268750000003 0
  1213 0.7250000000000000 0.6385298632812498 0
  1214 0.7250000000000000 0.6825599999999999 0
  1215 0.7250000000000000 0.7247924804687500 0
  1216 0.7250000000000000 0.7648306250000001 0
  1217 0.7250000000000000 0.8023129101562503 0
  1218 0.7250000000000000 0.8369199999999997 0
  1219 0.7250000000000000 0.8683817773437499 0
  1220 0.7250000000000000 0.8964843750000000 0
  1221 0.7250000000000000 0.9210772070312504 0
  1222 0.7250000000000000 0.9420800000000006 0
  1223 0.7250000000000000 0.9594898242187494 0
  1224 0.7250000000000000 0.9733881249999993 0
  1225 0.7250000000000000 0.9839477539062500 0
  1226 0.7250000000000000 0.9914400000000003 0
  1227 0.7250000000000000 0.9962416210937508 0
  1228 0.7250000000000000 0.9988418749999999 0
  1229 0.7250000000000000 0.9998495507812494 0
  1230 0.7250000000000000 1.0000000000000000 0
  1231 0.7500000000000000 0.0000000000000000 0
  1232 0.7500000000000000 0.0001504492187500 0
  1233 0.7500000000000000 0.0011581250000000 0
  1234 0.7500000000000000 0.0037583789062500 0
  1235 0.7500000000000000 0.0085600000000000 0
  1236 0.7500000000000000 0.0160522460937500 0
  1237 0.7500000000000000 0.0266118750000000 0
  1238 0.7500000000000000 0.0405101757812500 0
  1239 0.7500000000000000 0.0579200000000000 0
  1240 0.7500000000000000 0.0789227929687500 0
  1241 0.7500000000000000 0.1035156250000000 0
  1242 0.7500000000000000 0.1316182226562500 0
  1243 0.7500000000000000 0.1630800000000000 0
  1244 0.7500000000000000 0.1976870898437500 0
  1245 0.7500000000000000 0.2351693749999999 0
  1246 0.7500000000000000 0.2752075195312500 0
  1247 0.7500000000000000 0.3174400000000001 0
  1248 0.7500000000000000 0.3614701367187499 0
  1249 0.7500000000000000 0.4068731250000001 0
  1250 0.7500000000000000 0.4532030664062499 0
  1251 0.7500000000000000 0.5000000000000000 0
  1252 0.7500000000000000 0.5467969335937500 0
  1253 0.7500000000000000 0.5931268750000003 0
  1254 0.7500000000000000 0.6385298632812498 0
  1255 0.7500000000000000 0.6825599999999999 0
  1256 0.7500000000000000 0.7247924804687500 0
  1257 0.7500000000000000 0.7648306250000001 0
  1258 0.7500000000000000 0.8023129101562503 0
  1259 0.7500000000000000 0.8369199999999997 0
  1260 0.7500000000000000 0.8683817773437499 0
  1261 0.7500000000000000 0.8964843750000000 0
  1262 0.7500000000000000 0.9210772070312504 0
  1263 0.7500000000000000 0.9420800000000006 0
  1264 0.7500000000000000 0.9594898242187494 0
  1265 0.7500000000000000 0.9733881249999993 0
  1266 0.7500000000000000 0.9839477539062500 0
  1267 0.7500000000000000 0.9914400000000003 0
  1268 0.7500000000000000 0.9962416210937508 0
  1269 0.7500000000000000 0.9988418749999999 0
  1270 0.7500000000000000 0.9998495507812494 0
  1271 0.7500000000000000 1.0000000000000000 0
  1272 0.7750000000000000 0.0000000000000000 0
  1273 0.7750000000000000 0.0001504492187500 0
  1274 0.7750000000000000 0.0011581250000000 0
  1275 0.7750000000000000 0.0037583789062500 0
  1276 0.7750000000000000 0.0085600000000000 0
  1277 0.7750000000000000 0.0160522460937500 0
  1278 0.7750000000000000 0.0266118750000000 0
  1279 0.7750000000000000 0.0405101757812500 0
  1280 0.7750000000000000 0.0579200000000000 0
  1281 0.7750000000000000 0.0789227929687500 0
  1282 0.7750000000000000 0.1035156250000000 0
  1283 0.7750000000000000 0.1316182226562500 0
  1284 0.7750000000000000 0.1630800000000000 0
  1285 0.7750000000000000 0.1976870898437500 0
  1286 0.7750000000000000 0.2351693749999999 0
  1287 0.7750000000000000 0.2752075195312500 0
  1288 0.7750000000000000 0.3174400000000001 0
  1289 0.7750000000000000 0.3614701367187499 0
  1290 0.7750000000000000 0.4068731250000001 0
  1291 0.7750000000000000 0.4532030664062499 0
  1292 0.7750000000000000 0.5000000000000000 0
  1293 0.7750000000000000 0.5467969335937500 0
  1294 0.7750000000000000 0.5931268750000003 0
  1295 0.7750000000000000 0.6385298632812498 0
  1296 0.7750000000000000 0.6825599999999999 0
  1297 0.7750000000000000 0.7247924804687500 0
  1298 0.7750000000000000 0.7648306250000001 0
  1299 0.7750000000000000 0.8023129101562503 0
  1300 0.7750000000000000 0.8369199999999997 0
  1301 0.7750000000000000 0.8683817773437499 0
  1302 0.7750000000000000 0.8964843750000000 0
  1303 0.7750000000000000 0.9210772070312504 0
  1304 0.7750000000000000 0.9420800000000006 0
  1305 0.7750000000000000 0.9594898242187494 0
  1306 0.7750000000000000 0.9733881249999993 0
  1307 0.7750000000000000 0.9839477539062500 0
  1308 0.7750000000000000 0.9914400000000003 0
  1309 0.7750000000000000 0.9962416210937508 0
  1310 0.7750000000000000 0.9988418749999999 0
  1311 0.7750000000000000 0.9998495507812494 0
  1312 0.7750000000000000 1.0000000000000000 0
  1313 0.8000000000000000 0.0000000000000000 0
  1314 0.8000000000000000 0.0001504492187500 0
  1315 0.8000000000000000 0.0011581250000000 0
  1316 0.8000000000000000 0.0037583789062500 0
  1317 0.8000000000000000 0.0085600000000000 0
  1318 0.8000000000000000 0.0160522460937500 0
  1319 0.8000000000000000 0.0266118750000000 0
  1320 0.8000000000000000 0.0405101757812500 0
  1321 0.8000000000000000 0.0579200000000000 0
  1322 0.8000000000000000 0.0789227929687500 0
  1323 0.8000000000000000 0.1035156250000000 0
  1324 0.8000000000000000 0.1316182226562500 0
  1325 0.8000000000000000 0.1630800000000000 0
  1326 0.8000000000000000 0.1976870898437500 0
  1327 0.8000000000000000 0.2351693749999999 0
  1328 0.8000000000000000 0.2752075195312500 0
  1329 0.8000000000000000 0.3174400000000001 0
  1330 0.8000000000000000 0.3614701367187499 0
  1331 0.8000000000000000 0.4068731250000001 0
  1332 0.8000000000000000 0.4532030664062499 0
  1333 0.8000000000000000 0.5000000000000000 0
  1334 0.8000000000000000 0.5467969335937500 0
  1335 0.8000000000000000 0.5931268750000003 0
  1336 0.8000000000000000 0.6385298632812498 0
  1337 0.8000000000000000 0.6825599999999999 0
  1338 0.8000000000000000 0.7247924804687500 0
  1339 0.8000000000000000 0.7648306250000001 0
  1340 0.8000000000000000 0.8023129101562503 0
  1341 0.8000000000000000 0.8369199999999997 0
  1342 0.8000000000000000 0.8683817773437499 0
  1343 0.8000000000000000 0.8964843750000000 0
  1344 0.8000000000000000 0.9210772070312504 0
  1345 0.8000000000000000 0.9420800000000006 0
  1346 0.8000000000000000 0.9594898242187494 0
  1347 0.8000000000000000 0.9733881249999993 0
  1348 0.8000000000000000 0.9839477539062500 0
  1349 0.8000000000000000 0.9914400000000003 0
  1350 0.8000000000000000 0.9962416210937508 0
  1351 0.8000000000000000 0.9988418749999999 0
  1352 0.8000000000000000 0.9998495507812494 0
  1353 0.8000000000000000 1.0000000000000000 0
  1354 0.8250000000000000 0.0000000000000000 0
  1355 0.8250000000000000 0.0001504492187500 0
  1356 0.8250000000000000 0.0011581250000000 0
  1357 0.8250000000000000 0.0037583789062500 0
  1358 0.8250000000000000 0.0085600000000000 0
  1359 0.8250000000000000 0.0160522460937500 0
  1360 0.8250000000000000 0.0266118750000000 0
  1361 0.8250000000000000 0.0405101757812500 0
  1362 0.8250000000000000 0.0579200000000000 0
  1363 0.8250000000000000 0.0789227929687500 0
  1364 0.8250000000000000 0.1035156250000000 0
  1365 0.8250000000000000 0.1316182226562500 0
  1366 0.8250000000000000 0.1630800000000000 0
  1367 0.8250000000000000 0.1976870898437500 0
  1368 0.8250000000000000 0.2351693749999999 0
  1369 0.8250000000000000 0.2752075195312500 0
  1370 0.8250000000000000 0.3174400000000001 0
  1371 0.8250000000000000 0.3614701367187499 0
  1372 0.8250000000000000 0.4068731250000001 0
  1373 0.8250000000000000 0.4532030664062499 0
  1374 0.8250000000000000 0.5000000000000000 0
  1375 0.8250000000000000 0.5467969335937500 0
  1376 0.8250000000000000 0.5931268750000003 0
  1377 0.8250000000000000 0.6385298632812498 0
  1378 0.8250000000000000 0.6825599999999999 0
  1379 0.8250000000000000 0.7247924804687500 0
  1380 0.8250000000000000 0.7648306250000001 0
  1381 0.8250000000000000 0.8023129101562503 0
  1382 0.8250000000000000 0.8369199999999997 0
  1383 0.8250000000000000 0.8683817773437499 0
  1384 0.8250000000000000 0.8964843750000000 0
  1385 0.8250000000000000 0.9210772070312504 0
  1386 0.8250000000000000 0.9420800000000006 0
  1387 0.8250000000000000 0.9594898242187494 0
  1388 0.8250000000000000 0.9733881249999993 0
  1389 0.8250000000000000 0.9839477539062500 0
  1390 0.8250000000000000 0.9914400000000003 0
  1391 0.8250000000000000 0.9962416210937508 0
  1392 0.8250000000000000 0.9988418749999999 0
  1393 0.8250000000000000 0.9998495507812494 0
  1394 0.8250000000000000 1.0000000000000000 0
  1395 0.8500000000000000 0.0000000000000000 0
  1396 0.8500000000000000 0.0001504492187500 0
  1397 0.8500000000000000 0.0011581250000000 0
  1398 0.8500000000000000 0.0037583789062500 0
  1399 0.8500000000000000 0.0085600000000000 0
  1400 0.8500000000000000 0.0160522460937500 0
  1401 0.8500000000000000 0.0266118750000000 0
  1402 0.8500000000000000 0.0405101757812500 0
  1403 0.8500000000000000 0.0579200000000000 0
  1404 0.8500000000000000 0.0789227929687500 0
  1405 0.8500000000000000 0.1035156250000000 0
  1406 0.8500000000000000 0.1316182226562500 0
  1407 0.8500000000000000 0.1630800000000000 0
  1408 0.8500000000000000 0.1976870898437500 0
  1409 0.8500000000000000 0.2351693749999999 0
  1410 0.8500000000000000 0.2752075195312500 0
  1411 0.8500000000000000 0.3174400000000001 0
  1412 0.8500000000000000 0.3614701367187499 0
  1413 0.8500000000000000 0.4068731250000001 0
  1414 0.8500000000000000 0.4532030664062499 0
  1415 0.8500000000000000 0.5000000000000000 0
  1416 0.8500000000000000 0.5467969335937500 0
  1417 0.8500000000000000 0.5931268750000003 0
  1418 0.8500000000000000 0.6385298632812498 0
  1419 0.8500000000000000 0.6825599999999999 0
  1420 0.8500000000000000 0.7247924804687500 0
  1421 0.8500000000000000 0.7648306250000001 0
  1422 0.8500000000000000 0.8023129101562503 0
  1423 0.8500000000000000 0.8369199999999997 0
  1424 0.8500000000000000 0.8683817773437499 0
  1425 0.8500000000000000 0.8964843750000000 0
  1426 0.8500000000000000 0.9210772070312504 0
  1427 0.8500000000000000 0.9420800000000006 0
  1428 0.8500000000000000 0.9594898242187494 0
  1429 0.8500000000000000 0.9733881249999993 0
  1430 0.8500000000000000 0.9839477539062500 0
  1431 0.8500000000000000 0.9914400000000003 0
  1432 0.8500000000000000 0.9962416210937508 0
  1433 0.8500000000000000 0.9988418749999999 0
  1434 0.8500000000000000 0.9998495507812494 0
  1435 0.8500000000000000 1.0000000000000000 0
  1436 0.8750000000000000 0.0000000000000000 0
  1437 0.8750000000000000 0.0001504492187500 0
  1438 0.8750000000000000 0.0011581250000000 0
  1439 0.8750000000000000 0.0037583789062500 0
  1440 0.8750000000000000 0.0085600000000000 0
  1441 0.8750000000000000 0.0160522460937500 0
  1442 0.8750000000000000 0.0266118750000000 0
  1443 0.8750000000000000 0.0405101757812500 0
  1444 0.8750000000000000 0.0579200000000000 0
  1445 0.8750000000000000 0.0789227929687500 0
  1446 0.8750000000000000 0.1035156250000000 0
  1447 0.8750000000000000 0.1316182226562500 0
  1448 0.8750000000000000 0.1630800000000000 0
  1449 0.8750000000000000 0.1976870898437500 0
  1450 0.8750000000000000 0.2351693749999999 0
  1451 0.8750000000000000 0.2752075195312500 0
  1452 0.8750000000000000 0.3174400000000001 0
  1453 0.8750000000000000 0.3614701367187499 0
  1454 0.8750000000000000 0.4068731250000001 0
  1455 0.8750000000000000 0.4532030664062499 0
  1456 0.8750000000000000 0.5000000000000000 0
  1457 0.8750000000000000 0.5467969335937500 0
  1458 0.8750000000000000 0.5931268750000003 0
  1459 0.8750000000000000 0.6385298632812498 0
  1460 0.8750000000000000 0.6825599999999999 0
  1461 0.8750000000000000 0.7247924804687500 0
  1462 0.8750000000000000 0.7648306250000001 0
  1463 0.8750000000000000 0.8023129101562503 0
  1464 0.8750000000000000 0.8369199999999997 0
  1465 0.8750000000000000 0.8683817773437499 0
  1466 0.8750000000000000 0.8964843750000000 0
  1467 0.8750000000000000 0.9210772070312504 0
  1468 0.8750000000000000 0.9420800000000006 0
  1469 0.8750000000000000 0.9594898242187494 0
  1470 0.8750000000000000 0.9733881249999993 0
  1471 0.8750000000000000 0.9839477539062500 0
  1472 0.8750000000000000 0.9914400000000003 0
  1473 0.8750000000000000 0.9962416210937508 0
  1474 0.8750000000000000 0.9988418749999999 0
  1475 0.8750000000000000 0.9998495507812494 0
  1476 0.8750000000000000 1.0000000000000000 0
  1477 0.9000000000000000 0.0000000000000000 0
  1478 0.9000000000000000 0.0001504492187500 0
  1479 0.9000000000000000 0.0011581250000000 0
  1480 0.9000000000000000 0.0037583789062500 0
  1481 0.9000000000000000 0.0085600000000000 0
  1482 0.9000000000000000 0.0160522460937500 0
  1483 0.9000000000000000 0.0266118750000000 0
  1484 0.9000000000000000 0.0405101757812500 0
  1485 0.9000000000000000 0.0579200000000000 0
  1486 0.9000000000000000 0.0789227929687500 0
  1487 0.9000000000000000 0.1035156250000000 0
  1488 0.9000000000000000 0.1316182226562500 0
  1489 0.9000000000000000 0.1630800000000000 0
  1490 0.9000000000000000 0.1976870898437500 0
  1491 0.9000000000000000 0.2351693749999999 0
  1492 0.9000000000000000 0.2752075195312500 0
  1493 0.9000000000000000 0.3174400000000001 0
  1494 0.9000000000000000 0.3614701367187499 0
  1495 0.9000000000000000 0.4068731250000001 0
  1496 0.9000000000000000 0.4532030664062499 0
  1497 0.9000000000000000 0.5000000000000000 0
  1498 0.9000000000000000 0.5467969335937500 0
  1499 0.9000000000000000 0.5931268750000003 0
  1500 0.9000000000000000 0.6385298632812498 0
  1501 0.9000000000000000 0.6825599999999999 0
  1502 0.9000000000000000 0.7247924804687500 0
  1503 0.9000000000000000 0.7648306250000001 0
  1504 0.9000000000000000 0.8023129101562503 0
  1505 0.9000000000000000 0.8369199999999997 0
  1506 0.9000000000000000 0.8683817773437499 0
  1507 0.9000000000000000 0.8964843750000000 0
  1508 0.9000000000000000 0.9210772070312504 0
  1509 0.9000000000000000 0.9420800000000006 0
  1510 0.9000000000000000 0.9594898242187494 0
  1511 0.9000000000000000 0.9733881249999993 0
  1512 0.9000000000000000 0.9839477539062500 0
  1513 0.9000000000000000 0.9914400000000003 0
  1514 0.9000000000000000 0.9962416210937508 0
  1515 0.9000000000000000 0.9988418749999999 0
  1516 0.9000000000000000 0.9998495507812494 0
  1517 0.9000000000000000 1.0000000000000000 0
  1518 0.9250000000000000 0.0000000000000000 0
  1519 0.9250000000000000 0.0001504492187500 0
  1520 0.9250000000000000 0.0011581250000000 0
  1521 0.9250000000000000 0.0037583789062500 0
  1522 0.9250000000000000 0.0085600000000000 0
  1523 0.9250000000000000 0.0160522460937500 0
  1524 0.9250000000000000 0.0266118750000000 0
  1525 0.9250000000000000 0.0405101757812500 0
  1526 0.9250000000000000 0.0579200000000000 0
  1527 0.9250000000000000 0.0789227929687500 0
  1528 0.9250000000000000 0.1035156250000000 0
  1529 0.9250000000000000 0.1316182226562500 0
  1530 0.9250000000000000 0.1630800000000000 0
  1531 0.9250000000000000 0.1976870898437500 0
  1532 0.9250000000000000 0.2351693749999999 0
  1533 0.9250000000000000 0.2752075195312500 0
  1534 0.9250000000000000 0.3174400000000001 0
  1535 0.9250000000000000 0.3614701367187499 0
  1536 0.9250000000000000 0.4068731250000001 0
  1537 0.9250000000000000 0.4532030664062499 0
  1538 0.9250000000000000 0.5000000000000000 0
  1539 0.9250000000000000 0.5467969335937500 0
  1540 0.9250000000000000 0.5931268750000003 0
  1541 0.9250000000000000 0.6385298632812498 0
  1542 0.9250000000000000 0.6825599999999999 0
  1543 0.9250000000000000 0.7247924804687500 0
  1544 0.9250000000000000 0.7648306250000001 0
  1545 0.9250000000000000 0.8023129101562503 0
  1546 0.9250000000000000 0.8369199999999997 0
  1547 0.9250000000000000 0.8683817773437499 0
  1548 0.9250000000000000 0.8964843750000000 0
  1549 0.9250000000000000 0.9210772070312504 0
  1550 0.9250000000000000 0.9420800000000006 0
  1551 0.9250000000000000 0.9594898242187494 0
  1552 0.9250000000000000 0.9733881249999993 0
  1553 0.9250000000000000 0.9839477539062500 0
  1554 0.9250000000000000 0.9914400000000003 0
  1555 0.9250000000000000 0.9962416210937508 0
  1556 0.9250000000000000 0.9988418749999999 0
  1557 0.9250000000000000 0.9998495507812494 0
  1558 0.9250000000000000 1.0000000000000000 0
  1559 0.9500000000000000 0.0000000000000000 0
  1560 0.9500000000000000 0.0001504492187500 0
  1561 0.9500000000000000 0.0011581250000000 0
  1562 0.9500000000000000 0.0037583789062500 0
  1563 0.9500000000000000 0.0085600000000000 0
  1564 0.9500000000000000 0.0160522460937500 0
  1565 0.9500000000000000 0.0266118750000000 0
  1566 0.9500000000000000 0.0405101757812500 0
  1567 0.9500000000000000 0.0579200000000000 0
  1568 0.9500000000000000 0.0789227929687500 0
  1569 0.9500000000000000 0.1035156250000000 0
  1570 0.9500000000000000 0.1316182226562500 0
  1571 0.9500000000000000 0.1630800000000000 0
  1572 0.9500000000000000 0.1976870898437500 0
  1573 0.9500000000000000 0.2351693749999999 0
  1574 0.9500000000000000 0.2752075195312500 0
  1575 0.9500000000000000 0.3174400000000001 0
  1576 0.9500000000000000 0.3614701367187499 0
  1577 0.9500000000000000 0.4068731250000001 0
  1578 0.9500000000000000 0.4532030664062499 0
  1579 0.9500000000000000 0.5000000000000000 0
  1580 0.9500000000000000 0.5467969335937500 0
  1581 0.9500000000000000 0.5931268750000003 0
  1582 0.9500000000000000 0.6385298632812498 0
  1583 0.9500000000000000 0.6825599999999999 0
  1584 0.9500000000000000 0.7247924804687500 0
  1585 0.9500000000000000 0.7648306250000001 0
  1586 0.9500000000000000 0.8023129101562503 0
  1587 0.9500000000000000 0.8369199999999997 0
  1588 0.9500000000000000 0.8683817773437499 0
  1589 0.9500000000000000 0.8964843750000000 0
  1590 0.9500000000000000 0.9210772070312504 0
  1591 0.9500000000000000 0.9420800000000006 0
  1592 0.9500000000000000 0.9594898242187494 0
  1593 0.9500000000000000 0.9733881249999993 0
  1594 0.9500000000000000 0.9839477539062500 0
  1595 0.9500000000000000 0.9914400000000003 0
  1596 0.9500000000000000 0.9962416210937508 0
  1597 0.9500000000000000 0.9988418749999999 0
  1598 0.9500000000000000 0.9998495507812494 0
  1599 0.9500000000000000 1.0000000000000000 0
  1600 0.9750000000000000 0.0000000000000000 0
  1601 0.9750000000000000 0.0001504492187500 0
  1602 0.9750000000000000 0.0011581250000000 0
  1603 0.9750000000000000 0.0037583789062500 0
  1604 0.9750000000000000 0.0085600000000000 0
  1605 0.9750000000000000 0.0160522460937500 0
  1606 0.9750000000000000 0.0266118750000000 0
  1607 0.9750000000000000 0.0405101757812500 0
  1608 0.9750000000000000 0.0579200000000000 0
  1609 0.9750000000000000 0.0789227929687500 0
  1610 0.9750000000000000 0.1035156250000000 0
  1611 0.9750000000000000 0.1316182226562500 0
  1612 0.9750000000000000 0.1630800000000000 0
  1613 0.9750000000000000 0.1976870898437500 0
  1614 0.9750000000000000 0.2351693749999999 0
  1615 0.9750000000000000 0.2752075195312500 0
  1616 0.9750000000000000 0.3174400000000001 0
  1617 0.9750000000000000 0.3614701367187499 0
  1618 0.9750000000000000 0.4068731250000001 0
  1619 0.9750000000000000 0.4532030664062499 0
  1620 0.9750000000000000 0.5000000000000000 0
  1621 0.9750000000000000 0.5467969335937500 0
  1622 0.9750000000000000 0.5931268750000003 0
  1623 0.9750000000000000 0.6385298632812498 0
  1624 0.9750000000000000 0.6825599999999999 0
  1625 0.9750000000000000 0.7247924804687500 0
  1626 0.9750000000000000 0.7648306250000001 0
  1627 0.9750000000000000 0.8023129101562503 0
  1628 0.9750000000000000 0.8369199999999997 0
  1629 0.9750000000000000 0.8683817773437499 0
  1630 0.9750000000000000 0.8964843750000000 0
  1631 0.9750000000000000 0.9210772070312504 0
  1632 0.9750000000000000 0.9420800000000006 0
  1633 0.9750000000000000 0.9594898242187494 0
  1634 0.9750000000000000 0.9733881249999993 0
  1635 0.9750000000000000 0.9839477539062500 0
  1636 0.9750000000000000 0.9914400000000003 0
  1637 0.9750000000000000 0.9962416210937508 0
  1638 0.9750000000000000 0.9988418749999999 0
  1639 0.9750000000000000 0.9998495507812494 0
  1640 0.9750000000000000 1.0000000000000000 0
  1641 1.0000000000000000 0.0000000000000000 0
  1642 1.0000000000000000 0.0001504492187500 0
  1643 1.0000000000000000 0.0011581250000000 0
  1644 1.0000000000000000 0.0037583789062500 0
  1645 1.0000000000000000 0.0085600000000000 0
  1646 1.0000000000000000 0.0160522460937500 0
  1647 1.0000000000000000 0.0266118750000000 0
  1648 1.0000000000000000 0.0405101757812500 0
  1649 1.0000000000000000 0.0579200000000000 0
  1650 1.0000000000000000 0.0789227929687500 0
  1651 1.0000000000000000 0.1035156250000000 0
  1652 1.0000000000000000 0.1316182226562500 0
  1653 1.0000000000000000 0.1630800000000000 0
  1654 1.0000000000000000 0.1976870898437500 0
  1655 1.0000000000000000 0.2351693749999999 0
  1656 1.0000000000000000 0.2752075195312500 0
  1657 1.0000000000000000 0.3174400000000001 0
  1658 1.0000000000000000 0.3614701367187499 0
  1659 1.0000000000000000 0.4068731250000001 0
  1660 1.0000000000000000 0.4532030664062499 0
  1661 1.0000000000000000 0.5000000000000000 0
  1662 1.0000000000000000 0.5467969335937500 0
  1663 1.0000000000000000 0.5931268750000003 0
  1664 1.0000000000000000 0.6385298632812498 0
  1665 1.0000000000000000 0.6825599999999999 0
  1666 1.0000000000000000 0.7247924804687500 0
  1667 1.0000000000000000 0.7648306250000001 0
  1668 1.0000000000000000 0.8023129101562503 0
  1669 1.0000000000000000 0.8369199999999997 0
  1670 1.0000000000000000 0.8683817773437499 0
  1671 1.0000000000000000 0.8964843750000000 0
  1672 1.0000000000000000 0.9210772070312504 0
  1673 1.0000000000000000 0.9420800000000006 0
  1674 1.0000000000000000 0.9594898242187494 0
  1675 1.0000000000000000 0.9733881249999993 0
  1676 1.0000000000000000 0.9839477539062500 0
  1677 1.0000000000000000 0.9914400000000003 0
  1678 1.0000000000000000 0.9962416210937508 0
  1679 1.0000000000000000 0.9988418749999999 0
  1680 1.0000000000000000 0.9998495507812494 0
  1681 1.0000000000000000 1.0000000000000000 0
$EndNodes
$Elements
  3360
     1 1 2 11 5     1    42
     2 1 2 11 5    42    83
     3 1 2 11 5    83   124
     4 1 2 11 5   124   165
     5 1 2 11 5   165   206
     6 1 2 11 5   206   247
     7 1 2 11 5   247   288
     8 1 2 11 5   288   329
     9 1 2 11 5   329   370
    10 1 2 11 5   370   411
    11 1 2 11 5   411   452
    12 1 2 11 5   452   493
    13 1 2 11 5   493   534
    14 1 2 11 5   534   575
    15 1 2 11 5   575   616
    16 1 2 11 5   616   657
    17 1 2 11 5   657   698
    18 1 2 11 5   698   739
    19 1 2 11 5   739   780
    20 1 2 11 5   780   821
    21 1 2 11 5   821   862
    22 1 2 11 5   862   903
    23 1 2 11 5   903   944
    24 1 2 11 5   944   985
    25 1 2 11 5   985  1026
    26 1 2 11 5  1026  1067
    27 1 2 11 5  1067  1108
    28 1 2 11 5  1108  1149
    29 1 2 11 5  1149  1190
    30 1 2 11 5  1190  1231
    31 1 2 11 5  1231  1272
    32 1 2 11 5  1272  1313
    33 1 2 11 5  1313  1354
    34 1 2 11 5  1354  1395
    35 1 2 11 5  1395  1436
    36 1 2 11 5  1436  1477
    37 1 2 11 5  1477  1518
    38 1 2 11 5  1518  1559
    39 1 2 11 5  1559  1600
    40 1 2 11 5  1600  1641
    41 1 2 12 6  1681  1640
    42 1 2 12 6  1640  1599
    43 1 2 12 6  1599  1558
    44 1 2 12 6  1558  1517
    45 1 2 12 6  1517  1476
    46 1 2 12 6  1476  1435
    47 1 2 12 6  1435  1394
    48 1 2 12 6  1394  1353
    49 1 2 12 6  1353  1312
    50 1 2 12 6  1312  1271
    51 1 2 12 6  1271  1230
    52 1 2 12 6  1230  1189
    53 1 2 12 6  1189  1148
    54 1 2 12 6  1148  1107
    55 1 2 12 6  1107  1066
    56 1 2 12 6  1066  1025
    57 1 2 12 6  1025   984
    58 1 2 12 6   984   943
    59 1 2 12 6   943   902
    60 1 2 12 6   902   861
    61 1 2 12 6   861   820
    62 1 2 12 6   820   779
    63 1 2 12 6   779   738
    64 1 2 12 6   738   697
    65 1 2 12 6   697   656
    66 1 2 12 6   656   615
    67 1 2 12 6   615   574
    68 1 2 12 6   574   533
    69 1 2 12 6   533   492
    70 1 2 12 6   492   451
    71 1 2 12 6   451   410
    72 1 2 12 6   410   369
    73 1 2 12 6   369   328
    74 1 2 12 6   328   287
    75 1 2 12 6   287   246
    76 1 2 12 6   246   205
    77 1 2 12 6   205   164
    78 1 2 12 6   164   123
    79 1 2 12 6   123    82
    80 1 2 12 6    82    41
    81 1 2 13 7  1641  1642
    82 1 2 13 7  1642  1643
    83 1 2 13 7  1643  1644
    84 1 2 13 7  1644  1645
    85 1 2 13 7  1645  1646
    86 1 2 13 7  1646  1647
    87 1 2 13 7  1647  1648
    88 1 2 13 7  1648  1649
    89 1 2 13 7  1649  1650
    90 1 2 13 7  1650  1651
    91 1 2 13 7  1651  1652
    92 1 2 13 7  1652  1653
    93 1 2 13 7  1653  1654
    94 1 2 13 7  1654  1655
    95 1 2 13 7  1655  1656
    96 1 2 13 7  1656  1657
    97 1 2 13 7  1657  1658
    98 1 2 13 7  1658  1659
    99 1 2 13 7  1659  1660
   100 1 2 13 7  1660  1661
   101 1 2 13 7  1661  1662
   102 1 2 13 7  1662  1663
   103 1 2 13 7  1663  1664
   104 1 2 13 7  1664  1665
   105 1 2 13 7  1665  1666
   106 1 2 13 7  1666  1667
   107 1 2 13 7  1667  1668
   108 1 2 13 7  1668  1669
   109 1 2 13 7  1669  1670
   110 1 2 13 7  1670  1671
   111 1 2 13 7  1671  1672
   112 1 2 13 7  1672  1673
   113 1 2 13 7  1673  1674
   114 1 2 13 7  1674  1675
   115 1 2 13 7  1675  1676
   116 1 2 13 7  1676  1677
   117 1 2 13 7  1677  1678
   118 1 2 13 7  1678  1679
   119 1 2 13 7  1679  1680
   120 1 2 13 7  1680  1681
   121 1 2 14 8    41    40
   122 1 2 14 8    40    39
   123 1 2 14 8    39    38
   124 1 2 14 8    38    37
   125 1 2 14 8    37    36
   126 1 2 14 8    36    35
   127 1 2 14 8    35    34
   128 1 2 14 8    34    33
   129 1 2 14 8    33    32
   130 1 2 14 8    32    31
   131 1 2 14 8    31    30
   132 1 2 14 8    30    29
   133 1 2 14 8    29    28
   134 1 2 14 8    28    27
   135 1 2 14 8    27    26
   136 1 2 14 8    26    25
   137 1 2 14 8    25    24
   138 1 2 14 8    24    23
   139 1 2 14 8    23    22
   140 1 2 14 8    22    21
   141 1 2 14 8    21    20
   142 1 2 14 8    20    19
   143 1 2 14 8    19    18
   144 1 2 14 8    18    17
   145 1 2 14 8    17    16
   146 1 2 14 8    16    15
   147 1 2 14 8    15    14
   148 1 2 14 8    14    13
   149 1 2 14 8    13    12
   150 1 2 14 8    12    11
   151 1 2 14 8    11    10
   152 1 2 14 8    10     9
   153 1 2 14 8     9     8
   154 1 2 14 8     8     7
   155 1 2 14 8     7     6
   156 1 2 14 8     6     5
   157 1 2 14 8     5     4
   158 1 2 14 8     4     3
   159 1 2 14 8     3     2
   160 1 2 14 8     2     1
   161 2 2 15 10     1    42    43
   162 2 2 15 10     1    43     2
   163 2 2 15 10     2    43    44
   164 2 2 15 10     2    44     3
   165 2 2 15 10     3    44    45
   166 2 2 15 10     3    45     4
   167 2 2 15 10     4    45    46
   168 2 2 15 10     4    46     5
   169 2 2 15 10     5    46    47
   170 2 2 15 10     5    47     6
   171 2 2 15 10     6    47    48
   172 2 2 15 10     6    48     7
   173 2 2 15 10     7    48    49
   174 2 2 15 10     7    49     8
   175 2 2 15 10     8    49    50
   176 2 2 15 10     8    50     9
   177 2 2 15 10     9    50    51
   178 2 2 15 10     9    51    10
   179 2 2 15 10    10    51    52
   180 2 2 15 10    10    52    11
   181 2 2 15 10    11    52    53
   182 2 2 15 10    11    53    12
   183 2 2 15 10    12    53    54
   184 2 2 15 10    12    54    13
   185 2 2 15 10    13    54    55
   186 2 2 15 10    13    55    14
   187 2 2 15 10    14    55    56
   188 2 2 15 10    14    56    15
   189 2 2 15 10    15    56    57
   190 2 2 15 10    15    57    16
   191 2 2 15 10    16    57    58
   192 2 2 15 10    16    58    17
   193 2 2 15 10    17    58    59
   194 2 2 15 10    17    59    18
   195 2 2 15 10    18    59    60
   196 2 2 15 10    18    60    19
   197 2 2 15 10    19    60    61
   198 2 2 15 10    19    61    20
   199 2 2 15 10    20    61    62
   200 2 2 15 10    20    62    21
   201 2 2 15 10    21    62    22
   202 2 2 15 10    22    62    63
   203 2 2 15 10    22    63    23
   204 2 2 15 10    23    63    64
   205 2 2 15 10    23    64    24
   206 2 2 15 10    24    64    65
   207 2 2 15 10    24    65    25
   208 2 2 15 10    25    65    66
   209 2 2 15 10    25    66    26
   210 2 2 15 10    26    66    67
   211 2 2 15 10    26    67    27
   212 2 2 15 10    27    67    68
   213 2 2 15 10    27    68    28
   214 2 2 15 10    28    68    69
   215 2 2 15 10    28    69    29
   216 2 2 15 10    29    69    70
   217 2 2 15 10    29    70    30
   218 2 2 15 10    30    70    71
   219 2 2 15 10    30    71    31
   220 2 2 15 10    31    71    72
   221 2 2 15 10    31    72    32
   222 2 2 15 10    32    72    73
   223 2 2 15 10    32    73    33
   224 2 2 15 10    33    73    74
   225 2 2 15 10    33    74    34
   226 2 2 15 10    34    74    75
   227 2 2 15 10    34    75    35
   228 2 2 15 10    35    75    76
   229 2 2 15 10    35    76    36
   230 2 2 15 10    36    76    77
   231 2 2 15 10    36    77    37
   232 2 2 15 10    37    77    78
   233 2 2 15 10    37    78    38
   234 2 2 15 10    38    78    79
   235 2 2 15 10    38    79    39
   236 2 2 15 10    39    79    80
   237 2 2 15 10    39    80    40
   238 2 2 15 10    40    80    81
   239 2 2 15 10    40    81    41
   240 2 2 15 10    41    81    82
   241 2 2 15 10    42    83    84
   242 2 2 15 10    42    84    43
   243 2 2 15 10    43    84    85
   244 2 2 15 10    43    85    44
   245 2 2 15 10    44    85    86
   246 2 2 15 10    44    86    45
   247 2 2 15 10    45    86    87
   248 2 2 15 10    45    87    46
   249 2 2 15 10    46    87    88
   250 2 2 15 10    46    88    47
   251 2 2 15 10    47    88    89
   252 2 2 15 10    47    89    48
   253 2 2 15 10    48    89    90
   254 2 2 15 10    48    90    49
   255 2 2 15 10    49    90    91
   256 2 2 15 10    49    91    50
   257 2 2 15 10    50    91    92
   258 2 2 15 10    50    92    51
   259 2 2 15 10    51    92    93
   260 2 2 15 10    51    93    52
   261 2 2 15 10    52    93    94
   262 2 2 15 10    52    94    53
   263 2 2 15 10    53    94    95
   264 2 2 15 10    53    95    54
   265 2 2 15 10    54    95    96
   266 2 2 15 10    54    96    55
   267 2 2 15 10    55    96    97
   268 2 2 15 10    55    97    56
   269 2 2 15 10    56    97    98
   270 2 2 15 10    56    98    57
   271 2 2 15 10    57    98    99
   272 2 2 15 10    57    99    58
   273 2 2 15 10    58    99   100
   274 2 2 15 10    58   100    59
   275 2 2 15 10    59   100   101
   276 2 2 15 10    59   101    60
   277 2 2 15 10    60   101   102
   278 2 2 15 10    60   102    61
   279 2 2 15 10    61   102   103
   280 2 2 15 10    61   103    62
   281 2 2 15 10    62   103    63
   282 2 2 15 10    63   103   104
   283 2 2 15 10    63   104    64
   284 2 2 15 10    64   104   105
   285 2 2 15 10    64   105    65
   286 2 2 15 10    65   105   106
   287 2 2 15 10    65   106    66
   288 2 2 15 10    66   106   107
   289 2 2 15 10    66   107    67
   290 2 2 15 10    67   107   108
   291 2 2 15 10    67   108    68
   292 2 2 15 10    68   108   109
   293 2 2 15 10    68   109    69
   294 2 2 15 10    69   109   110
   295 2 2 15 10    69   110    70
   296 2 2 15 10    70   110   111
   297 2 2 15 10    70   111    71
   298 2 2 15 10    71   111   112
   299 2 2 15 10    71   112    72
   300 2 2 15 10    72   112   113
   301 2 2 15 10    72   113    73
   302 2 2 15 10    73   113   114
   303 2 2 15 10    73   114    74
   304 2 2 15 10    74   114   115
   305 2 2 15 10    74   115    75
   306 2 2 15 10    75   115   116
   307 2 2 15 10    75   116    76
   308 2 2 15 10    76   116   117
   309 2 2 15 10    76   117    77
   310 2 2 15 10    77   117   118
   311 2 2 15 10    77   118    78
   312 2 2 15 10    78   118   119
   313 2 2 15 10    78   119    79
   314 2 2 15 10    79   119   120
   315 2 2 15 10    79   120    80
   316 2 2 15 10    80   120   121
   317 2 2 15 10    80   121    81
   318 2 2 15 10    81   121   122
   319 2 2 15 10    81   122    82
   320 2 2 15 10    82   122   123
   321 2 2 15 10    83   124   125
   322 2 2 15 10    83   125    84
   323 2 2 15 10    84   125   126
   324 2 2 15 10    84   126    85
   325 2 2 15 10    85   126   127
   326 2 2 15 10    85   127    86
   327 2 2 15 10    86   127   128
   328 2 2 15 10    86   128    87
   329 2 2 15 10    87   128   129
   330 2 2 15 10    87   129    88
   331 2 2 15 10    88   129   130
   332 2 2 15 10    88   130    89
   333 2 2 15 10    89   130   131
   334 2 2 15 10    89   131    90
   335 2 2 15 10    90   131   132
   336 2 2 15 10    90   132    91
   337 2 2 15 10    91   132   133
   338 2 2 15 10    91   133    92
   339 2 2 15 10    92   133   134
   340 2 2 15 10    92   134    93
   341 2 2 15 10    93   134   135
   342 2 2 15 10    93   135    94
   343 2 2 15 10    94   135   136
   344 2 2 15 10    94   136    95
   345 2 2 15 10    95   136   137
   346 2 2 15 10    95   137    96
   347 2 2 15 10    96   137   138
   348 2 2 15 10    96   138    97
   349 2 2 15 10    97   138   139
   350 2 2 15 10    97   139    98
   351 2 2 15 10    98   139   140
   352 2 2 15 10    98   140    99
   353 2 2 15 10    99   140   141
   354 2 2 15 10    99   141   100
   355 2 2 15 10   100   141   142
   356 2 2 15 10   100   142   101
   357 2 2 15 10   101   142   143
   358 2 2 15 10   101   143   102
   359 2 2 15 10   102   143   144
   360 2 2 15 10   102   144   103
   361 2 2 15 10   103   144   104
   362 2 2 15 10   104   144   145
   363 2 2 15 10   104   145   105
   364 2 2 15 10   105   145   146
   365 2 2 15 10   105   146   106
   366 2 2 15 10   106   146   147
   367 2 2 15 10   106   147   107
   368 2 2 15 10   107   147   148
   369 2 2 15 10   107   148   108
   370 2 2 15 10   108   148   149
   371 2 2 15 10   108   149   109
   372 2 2 15 10   109   149   150
   373 2 2 15 10   109   150   110
   374 2 2 15 10   110   150   151
   375 2 2 15 10   110   151   111
   376 2 2 15 10   111   151   152
   377 2 2 15 10   111   152   112
   378 2 2 15 10   112   152   153
   379 2 2 15 10   112   153   113
   380 2 2 15 10   113   153   154
   381 2 2 15 10   113   154   114
   382 2 2 15 10   114   154   155
   383 2 2 15 10   114   155   115
   384 2 2 15 10   115   155   156
   385 2 2 15 10   115   156   116
   386 2 2 15 10   116   156   157
   387 2 2 15 10   116   157   117
   388 2 2 15 10   117   157   158
   389 2 2 15 10   117   158   118
   390 2 2 15 10   118   158   159
   391 2 2 15 10   118   159   119
   392 2 2 15 10   119   159   160
   393 2 2 15 10   119   160   120
   394 2 2 15 10   120   160   161
   395 2 2 15 10   120   161   121
   396 2 2 15 10   121   161   162
   397 2 2 15 10   121   162   122
   398 2 2 15 10   122   162   163
   399 2 2 15 10   122   163   123
   400 2 2 15 10   123   163   164
   401 2 2 15 10   124   165   166
   402 2 2 15 10   124   166   125
   403 2 2 15 10   125   166   167
   404 2 2 15 10   125   167   126
   405 2 2 15 10   126   167   168
   406 2 2 15 10   126   168   127
   407 2 2 15 10   127   168   169
   408 2 2 15 10   127   169   128
   409 2 2 15 10   128   169   170
   410 2 2 15 10   128   170   129
   411 2 2 15 10   129   170   171
   412 2 2 15 10   129   171   130
   413 2 2 15 10   130   171   172
   414 2 2 15 10   130   172   131
   415 2 2 15 10   131   172   173
   416 2 2 15 10   131   173   132
   417 2 2 15 10   132   173   174
   418 2 2 15 10   132   174   133
   419 2 2 15 10   133   174   175
   420 2 2 15 10   133   175   134
   421 2 2 15 10   134   175   176
   422 2 2 15 10   134   176   135
   423 2 2 15 10   135   176   177
   424 2 2 15 10   135   177   136
   425 2 2 15 10   136   177   178
   426 2 2 15 10   136   178   137
   427 2 2 15 10   137   178   179
   428 2 2 15 10   137   179   138
   429 2 2 15 10   138   179   180
   430 2 2 15 10   138   180   139
   431 2 2 15 10   139   180   181
   432 2 2 15 10   139   181   140
   433 2 2 15 10   140   181   182
   434 2 2 15 10   140   182   141
   435 2 2 15 10   141   182   183
   436 2 2 15 10   141   183   142
   437 2 2 15 10   142   183   184
   438 2 2 15 10   142   184   143
   439 2 2 15 10   143   184   185
   440 2 2 15 10   143   185   144
   441 2 2 15 10   144   185   145
   442 2 2 15 10   145   185   186
   443 2 2 15 10   145   186   146
   444 2 2 15 10   146   186   187
   445 2 2 15 10   146   187   147
   446 2 2 15 10   147   187   188
   447 2 2 15 10   147   188   148
   448 2 2 15 10   148   188   189
   449 2 2 15 10   148   189   149
   450 2 2 15 10   149   189   190
   451 2 2 15 10   149   190   150
   452 2 2 15 10   150   190   191
   453 2 2 15 10   150   191   151
   454 2 2 15 10   151   191   192
   455 2 2 15 10   151   192   152
   456 2 2 15 10   152   192   193
   457 2 2 15 10   152   193   153
   458 2 2 15 10   153   193   194
   459 2 2 15 10   153   194   154
   460 2 2 15 10   154   194   195
   461 2 2 15 10   154   195   155
   462 2 2 15 10   155   195   196
   463 2 2 15 10   155   196   156
   464 2 2 15 10   156   196   197
   465 2 2 15 10   156   197   157
   466 2 2 15 10   157   197   198
   467 2 2 15 10   157   198   158
   468 2 2 15 10   158   198   199
   469 2 2 15 10   158   199   159
   470 2 2 15 10   159   199   200
   471 2 2 15 10   159   200   160
   472 2 2 15 10   160   200   201
   473 2 2 15 10   160   201   161
   474 2 2 15 10   161   201   202
   475 2 2 15 10   161   202   162
   476 2 2 15 10   162   202   203
   477 2 2 15 10   162   203   163
   478 2 2 15 10   163   203   204
   479 2 2 15 10   163   204   164
   480 2 2 15 10   164   204   205
   481 2 2 15 10   165   206   207
   482 2 2 15 10   165   207   166
   483 2 2 15 10   166   207   208
   484 2 2 15 10   166   208   167
   485 2 2 15 10   167   208   209
   486 2 2 15 10   167   209   168
   487 2 2 15 10   168   209   210
   488 2 2 15 10   168   210   169
   489 2 2 15 10   169   210   211
   490 2 2 15 10   169   211   170
   491 2 2 15 10   170   211   212
   492 2 2 15 10   170   212   171
   493 2 2 15 10   171   212   213
   494 2 2 15 10   171   213   172
   495 2 2 15 10   172   213   214
   496 2 2 15 10   172   214   173
   497 2 2 15 10   173   214   215
   498 2 2 15 10   173   215   174
   499 2 2 15 10   174   215   216
   500 2 2 15 10   174   216   175
   501 2 2 15 10   175   216   217
   502 2 2 15 10   175   217   176
   503 2 2 15 10   176   217   218
   504 2 2 15 10   176   218   177
   505 2 2 15 10   177   218   219
   506 2 2 15 10   177   219   178
   507 2 2 15 10   178   219   220
   508 2 2 15 10   178   220   179
   509 2 2 15 10   179   220   221
   510 2 2 15 10   179   221   180
   511 2 2 15 10   180   221   222
   512 2 2 15 10   180   222   181
   513 2 2 15 10   181   222   223
   514 2 2 15 10   181   223   182
   515 2 2 15 10   182   223   224
   516 2 2 15 10   182   224   183
   517 2 2 15 10   183   224   225
   518 2 2 15 10   183   225   184
   519 2 2 15 10   184   225   226
   520 2 2 15 10   184   226   185
   521 2 2 15 10   185   226   186
   522 2 2 15 10   186   226   227
   523 2 2 15 10   186   227   187
   524 2 2 15 10   187   227   228
   525 2 2 15 10   187   228   188
   526 2 2 15 10   188   228   229
   527 2 2 15 10   188   229   189
   528 2 2 15 10   189   229   230
   529 2 2 15 10   189   230   190
   530 2 2 15 10   190   230   231
   531 2 2 15 10   190   231   191
   532 2 2 15 10   191   231   232
   533 2 2 15 10   191   232   192
   534 2 2 15 10   192   232   233
   535 2 2 15 10   192   233   193
   536 2 2 15 10   193   233   234
   537 2 2 15 10   193   234   194
   538 2 2 15 10   194   234   235
   539 2 2 15 10   194   235   195
   540 2 2 15 10   195   235   236
   541 2 2 15 10   195   236   196
   542 2 2 15 10   196   236   237
   543 2 2 15 10   196   237   197
   544 2 2 15 10   197   237   238
   545 2 2 15 10   197   238   198
   546 2 2 15 10   198   238   239
   547 2 2 15 10   198   239   199
   548 2 2 15 10   199   239   240
   549 2 2 15 10   199   240   200
   550 2 2 15 10   200   240   241
   551 2 2 15 10   200   241   201
   552 2 2 15 10   201   241   242
   553 2 2 15 10   201   242   202
   554 2 2 15 10   202   242   243
   555 2 2 15 10   202   243   203
   556 2 2 15 10   203   243   244
   557 2 2 15 10   203   244   204
   558 2 2 15 10   204   244   245
   559 2 2 15 10   204   245   205
   560 2 2 15 10   205   245   246
   561 2 2 15 10   206   247   248
   562 2 2 15 10   206   248   207
   563 2 2 15 10   207   248   249
   564 2 2 15 10   207   249   208
   565 2 2 15 10   208   249   250
   566 2 2 15 10   208   250   209
   567 2 2 15 10   209   250   251
   568 2 2 15 10   209   251   210
   569 2 2 15 10   210   251   252
   570 2 2 15 10   210   252   211
   571 2 2 15 10   211   252   253
   572 2 2 15 10   211   253   212
   573 2 2 15 10   212   253   254
   574 2 2 15 10   212   254   213
   575 2 2 15 10   213   254   255
   576 2 2 15 10   213   255   214
   577 2 2 15 10   214   255   256
   578 2 2 15 10   214   256   215
   579 2 2 15 10   215   256   257
   580 2 2 15 10   215   257   216
   581 2 2 15 10   216   257   258
   582 2 2 15 10   216   258   217
   583 2 2 15 10   217   258   259
   584 2 2 15 10   217   259   218
   585 2 2 15 10   218   259   260
   586 2 2 15 10   218   260   219
   587 2 2 15 10   219   260   261
   588 2 2 15 10   219   261   220
   589 2 2 15 10   220   261   262
   590 2 2 15 10   220   262   221
   591 2 2 15 10   221   262   263
   592 2 2 15 10   221   263   222
   593 2 2 15 10   222   263   264
   594 2 2 15 10   222   264   223
   595 2 2 15 10   223   264   265
   596 2 2 15 10   223   265   224
   597 2 2 15 10   224   265   266
   598 2 2 15 10   224   266   225
   599 2 2 15 10   225   266   267
   600 2 2 15 10   225   267   226
   601 2 2 15 10   226   267   227
   602 2 2 15 10   227   267   268
   603 2 2 15 10   227   268   228
   604 2 2 15 10   228   268   269
   605 2 2 15 10   228   269   229
   606 2 2 15 10   229   269   270
   607 2 2 15 10   229   270   230
   608 2 2 15 10   230   270   271
   609 2 2 15 10   230   271   231
   610 2 2 15 10   231   271   272
   611 2 2 15 10   231   272   232
   612 2 2 15 10   232   272   273
   613 2 2 15 10   232   273   233
   614 2 2 15 10   233   273   274
   615 2 2 15 10   233   274   234
   616 2 2 15 10   234   274   275
   617 2 2 15 10   234   275   235
   618 2 2 15 10   235   275   276
   619 2 2 15 10   235   276   236
   620 2 2 15 10   236   276   277
   621 2 2 15 10   236   277   237
   622 2 2 15 10   237   277   278
   623 2 2 15 10   237   278   238
   624 2 2 15 10   238   278   279
   625 2 2 15 10   238   279   239
   626 2 2 15 10   239   279   280
   627 2 2 15 10   239   280   240
   628 2 2 15 10   240   280   281
   629 2 2 15 10   240   281   241
   630 2 2 15 10   241   281   282
   631 2 2 15 10   241   282   242
   632 2 2 15 10   242   282   283
   633 2 2 15 10   242   283   243
   634 2 2 15 10   243   283   284
   635 2 2 15 10   243   284   244
   636 2 2 15 10   244   284   285
   637 2 2 15 10   244   285   245
   638 2 2 15 10   245   285   286
   639 2 2 15 10   245   286   246
   640 2 2 15 10   246   286   287
   641 2 2 15 10   247   288   289
   642 2 2 15 10   247   289   248
   643 2 2 15 10   248   289   290
   644 2 2 15 10   248   290   249
   645 2 2 15 10   249   290   291
   646 2 2 15 10   249   291   250
   647 2 2 15 10   250   291   292
   648 2 2 15 10   250   292   251
   649 2 2 15 10   251   292   293
   650 2 2 15 10   251   293   252
   651 2 2 15 10   252   293   294
   652 2 2 15 10   252   294   253
   653 2 2 15 10   253   294   295
   654 2 2 15 10   253   295   254
   655 2 2 15 10   254   295   296
   656 2 2 15 10   254   296   255
   657 2 2 15 10   255   296   297
   658 2 2 15 10   255   297   256
   659 2 2 15 10   256   297   298
   660 2 2 15 10   256   298   257
   661 2 2 15 10   257   298   299
   662 2 2 15 10   257   299   258
   663 2 2 15 10   258   299   300
   664 2 2 15 10   258   300   259
   665 2 2 15 10   259   300   301
   666 2 2 15 10   259   301   260
   667 2 2 15 10   260   301   302
   668 2 2 15 10   260   302   261
   669 2 2 15 10   261   302   303
   670 2 2 15 10   261   303   262
   671 2 2 15 10   262   303   304
   672 2 2 15 10   262   304   263
   673 2 2 15 10   263   304   305
   674 2 2 15 10   263   305   264
   675 2 2 15 10   264   305   306
   676 2 2 15 10   264   306   265
   677 2 2 15 10   265   306   307
   678 2 2 15 10   265   307   266
   679 2 2 15 10   266   307   308
   680 2 2 15 10   266   308   267
   681 2 2 15 10   267   308   268
   682 2 2 15 10   268   308   309
   683 2 2 15 10   268   309   269
   684 2 2 15 10   269   309   310
   685 2 2 15 10   269   310   270
   686 2 2 15 10   270   310   311
   687 2 2 15 10   270   311   271
   688 2 2 15 10   271   311   312
   689 2 2 15 10   271   312   272
   690 2 2 15 10   272   312   313
   691 2 2 15 10   272   313   273
   692 2 2 15 10   273   313   314
   693 2 2 15 10   273   314   274
   694 2 2 15 10   274   314   315
   695 2 2 15 10   274   315   275
   696 2 2 15 10   275   315   316
   697 2 2 15 10   275   316   276
   698 2 2 15 10   276   316   317
   699 2 2 15 10   276   317   277
   700 2 2 15 10   277   317   318
   701 2 2 15 10   277   318   278
   702 2 2 15 10   278   318   319
   703 2 2 15 10   278   319   279
   704 2 2 15 10   279   319   320
   705 2 2 15 10   279   320   280
   706 2 2 15 10   280   320   321
   707 2 2 15 10   280   321   281
   708 2 2 15 10   281   321   322
   709 2 2 15 10   281   322   282
   710 2 2 15 10   282   322   323
   711 2 2 15 10   282   323   283
   712 2 2 15 10   283   323   324
   713 2 2 15 10   283   324   284
   714 2 2 15 10   284   324   325
   715 2 2 15 10   284   325   285
   716 2 2 15 10   285   325   326
   717 2 2 15 10   285   326   286
   718 2 2 15 10   286   326   327
   719 2 2 15 10   286   327   287
   720 2 2 15 10   287   327   328
   721 2 2 15 10   288   329   330
   722 2 2 15 10   288   330   289
   723 2 2 15 10   289   330   331
   724 2 2 15 10   289   331   290
   725 2 2 15 10   290   331   332
   726 2 2 15 10   290   332   291
   727 2 2 15 10   291   332   333
   728 2 2 15 10   291   333   292
   729 2 2 15 10   292   333   334
   730 2 2 15 10   292   334   293
   731 2 2 15 10   293   334   335
   732 2 2 15 10   293   335   294
   733 2 2 15 10   294   335   336
   734 2 2 15 10   294   336   295
   735 2 2 15 10   295   336   337
   736 2 2 15 10   295   337   296
   737 2 2 15 10   296   337   338
   738 2 2 15 10   296   338   297
   739 2 2 15 10   297   338   339
   740 2 2 15 10   297   339   298
   741 2 2 15 10   298   339   340
   742 2 2 15 10   298   340   299
   743 2 2 15 10   299   340   341
   744 2 2 15 10   299   341   300
   745 2 2 15 10   300   341   342
   746 2 2 15 10   300   342   301
   747 2 2 15 10   301   342   343
   748 2 2 15 10   301   343   302
   749 2 2 15 10   302   343   344
   750 2 2 15 10   302   344   303
   751 2 2 15 10   303   344   345
   752 2 2 15 10   303   345   304
   753 2 2 15 10   304   345   346
   754 2 2 15 10   304   346   305
   755 2 2 15 10   305   346   347
   756 2 2 15 10   305   347   306
   757 2 2 15 10   306   347   348
   758 2 2 15 10   306   348   307
   759 2 2 15 10   307   348   349
   760 2 2 15 10   307   349   308
   761 2 2 15 10   308   349   309
   762 2 2 15 10   309   349   350
   763 2 2 15 10   309   350   310
   764 2 2 15 10   310   350   351
   765 2 2 15 10   310   351   311
   766 2 2 15 10   311   351   352
   767 2 2 15 10   311   352   312
   768 2 2 15 10   312   352   353
   769 2 2 15 10   312   353   313
   770 2 2 15 10   313   353   354
   771 2 2 15 10   313   354   314
   772 2 2 15 10   314   354   355
   773 2 2 15 10   314   355   315
   774 2 2 15 10   315   355   356
   775 2 2 15 10   315   356   316
   776 2 2 15 10   316   356   357
   777 2 2 15 10   316   357   317
   778 2 2 15 10   317   357   358
   779 2 2 15 10   317   358   318
   780 2 2 15 10   318   358   359
   781 2 2 15 10   318   359   319
   782 2 2 15 10   319   359   360
   783 2 2 15 10   319   360   320
   784 2 2 15 10   320   360   361
   785 2 2 15 10   320   361   321
   786 2 2 15 10   321   361   362
   787 2 2 15 10   321   362   322
   788 2 2 15 10   322   362   363
   789 2 2 15 10   322   363   323
   790 2 2 15 10   323   363   364
   791 2 2 15 10   323   364   324
   792 2 2 15 10   324   364   365
   793 2 2 15 10   324   365   325
   794 2 2 15 10   325   365   366
   795 2 2 15 10   325   366   326
   796 2 2 15 10   326   366   367
   797 2 2 15 10   326   367   327
   798 2 2 15 10   327   367   368
   799 2 2 15 10   327   368   328
   800 2 2 15 10   328   368   369
   801 2 2 15 10   329   370   371
   802 2 2 15 10   329   371   330
   803 2 2 15 10   330   371   372
   804 2 2 15 10   330   372   331
   805 2 2 15 10   331   372   373
   806 2 2 15 10   331   373   332
   807 2 2 15 10   332   373   374
   808 2 2 15 10   332   374   333
   809 2 2 15 10   333   374   375
   810 2 2 15 10   333   375   334
   811 2 2 15 10   334   375   376
   812 2 2 15 10   334   376   335
   813 2 2 15 10   335   376   377
   814 2 2 15 10   335   377   336
   815 2 2 15 10   336   377   378
   816 2 2 15 10   336   378   337
   817 2 2 15 10   337   378   379
   818 2 2 15 10   337   379   338
   819 2 2 15 10   338   379   380
   820 2 2 15 10   338   380   339
   821 2 2 15 10   339   380   381
   822 2 2 15 10   339   381   340
   823 2 2 15 10   340   381   382
   824 2 2 15 10   340   382   341
   825 2 2 15 10   341   382   383
   826 2 2 15 10   341   383   342
   827 2 2 15 10   342   383   384
   828 2 2 15 10   342   384   343
   829 2 2 15 10   343   384   385
   830 2 2 15 10   343   385   344
   831 2 2 15 10   344   385   386
   832 2 2 15 10   344   386   345
   833 2 2 15 10   345   386   387
   834 2 2 15 10   345   387   346
   835 2 2 15 10   346   387   388
   836 2 2 15 10   346   388   347
   837 2 2 15 10   347   388   389
   838 2 2 15 10   347   389   348
   839 2 2 15 10   348   389   390
   840 2 2 15 10   348   390   349
   841 2 2 15 10   349   390   350
   842 2 2 15 10   350   390   391
   843 2 2 15 10   350   391   351
   844 2 2 15 10   351   391   392
   845 2 2 15 10   351   392   352
   846 2 2 15 10   352   392   393
   847 2 2 15 10   352   393   353
   848 2 2 15 10   353   393   394
   849 2 2 15 10   353   394   354
   850 2 2 15 10   354   394   395
   851 2 2 15 10   354   395   355
   852 2 2 15 10   355   395   396
   853 2 2 15 10   355   396   356
   854 2 2 15 10   356   396   397
   855 2 2 15 10   356   397   357
   856 2 2 15 10   357   397   398
   857 2 2 15 10   357   398   358
   858 2 2 15 10   358   398   399
   859 2 2 15 10   358   399   359
   860 2 2 15 10   359   399   400
   861 2 2 15 10   359   400   360
   862 2 2 15 10   360   400   401
   863 2 2 15 10   360   401   361
   864 2 2 15 10   361   401   402
   865 2 2 15 10   361   402   362
   866 2 2 15 10   362   402   403
   867 2 2 15 10   362   403   363
   868 2 2 15 10   363   403   404
   869 2 2 15 10   363   404   364
   870 2 2 15 10   364   404   405
   871 2 2 15 10   364   405   365
   872 2 2 15 10   365   405   406
   873 2 2 15 10   365   406   366
   874 2 2 15 10   366   406   407
   875 2 2 15 10   366   407   367
   876 2 2 15 10   367   407   408
   877 2 2 15 10   367   408   368
   878 2 2 15 10   368   408   409
   879 2 2 15 10   368   409   369
   880 2 2 15 10   369   409   410
   881 2 2 15 10   370   411   412
   882 2 2 15 10   370   412   371
   883 2 2 15 10   371   412   413
   884 2 2 15 10   371   413   372
   885 2 2 15 10   372   413   414
   886 2 2 15 10   372   414   373
   887 2 2 15 10   373   414   415
   888 2 2 15 10   373   415   374
   889 2 2 15 10   374   415   416
   890 2 2 15 10   374   416   375
   891 2 2 15 10   375   416   417
   892 2 2 15 10   375   417   376
   893 2 2 15 10   376   417   418
   894 2 2 15 10   376   418   377
   895 2 2 15 10   377   418   419
   896 2 2 15 10   377   419   378
   897 2 2 15 10   378   419   420
   898 2 2 15 10   378   420   379
   899 2 2 15 10   379   420   421
   900 2 2 15 10   379   421   380
   901 2 2 15 10   380   421   422
   902 2 2 15 10   380   422   381
   903 2 2 15 10   381   422   423
   904 2 2 15 10   381   423   382
   905 2 2 15 10   382   423   424
   906 2 2 15 10   382   424   383
   907 2 2 15 10   383   424   425
   908 2 2 15 10   383   425   384
   909 2 2 15 10   384   425   426
   910 2 2 15 10   384   426   385
   911 2 2 15 10   385   426   427
   912 2 2 15 10   385   427   386
   913 2 2 15 10   386   427   428
   914 2 2 15 10   386   428   387
   915 2 2 15 10   387   428   429
   916 2 2 15 10   387   429   388
   917 2 2 15 10   388   429   430
   918 2 2 15 10   388   430   389
   919 2 2 15 10   389   430   431
   920 2 2 15 10   389   431   390
   921 2 2 15 10   390   431   391
   922 2 2 15 10   391   431   432
   923 2 2 15 10   391   432   392
   924 2 2 15 10   392   432   433
   925 2 2 15 10   392   433   393
   926 2 2 15 10   393   433   434
   927 2 2 15 10   393   434   394
   928 2 2 15 10   394   434   435
   929 2 2 15 10   394   435   395
   930 2 2 15 10   395   435   436
   931 2 2 15 10   395   436   396
   932 2 2 15 10   396   436   437
   933 2 2 15 10   396   437   397
   934 2 2 15 10   397   437   438
   935 2 2 15 10   397   438   398
   936 2 2 15 10   398   438   439
   937 2 2 15 10   398   439   399
   938 2 2 15 10   399   439   440
   939 2 2 15 10   399   440   400
   940 2 2 15 10   400   440   441
   941 2 2 15 10   400   441   401
   942 2 2 15 10   401   441   442
   943 2 2 15 10   401   442   402
   944 2 2 15 10   402   442   443
   945 2 2 15 10   402   443   403
   946 2 2 15 10   403   443   444
   947 2 2 15 10   403   444   404
   948 2 2 15 10   404   444   445
   949 2 2 15 10   404   445   405
   950 2 2 15 10   405   445   446
   951 2 2 15 10   405   446   406
   952 2 2 15 10   406   446   447
   953 2 2 15 10   406   447   407
   954 2 2 15 10   407   447   448
   955 2 2 15 10   407   448   408
   956 2 2 15 10   408   448   449
   957 2 2 15 10   408   449   409
   958 2 2 15 10   409   449   450
   959 2 2 15 10   409   450   410
   960 2 2 15 10   410   450   451
   961 2 2 15 10   411   452   453
   962 2 2 15 10   411   453   412
   963 2 2 15 10   412   453   454
   964 2 2 15 10   412   454   413
   965 2 2 15 10   413   454   455
   966 2 2 15 10   413   455   414
   967 2 2 15 10   414   455   456
   968 2 2 15 10   414   456   415
   969 2 2 15 10   415   456   457
   970 2 2 15 10   415   457   416
   971 2 2 15 10   416   457   458
   972 2 2 15 10   416   458   417
   973 2 2 15 10   417   458   459
   974 2 2 15 10   417   459   418
   975 2 2 15 10   418   459   460
   976 2 2 15 10   418   460   419
   977 2 2 15 10   419   460   461
   978 2 2 15 10   419   461   420
   979 2 2 15 10   420   461   462
   980 2 2 15 10   420   462   421
   981 2 2 15 10   421   462   463
   982 2 2 15 10   421   463   422
   983 2 2 15 10   422   463   464
   984 2 2 15 10   422   464   423
   985 2 2 15 10   423   464   465
   986 2 2 15 10   423   465   424
   987 2 2 15 10   424   465   466
   988 2 2 15 10   424   466   425
   989 2 2 15 10   425   466   467
   990 2 2 15 10   425   467   426
   991 2 2 15 10   426   467   468
   992 2 2 15 10   426   468   427
   993 2 2 15 10   427   468   469
   994 2 2 15 10   427   469   428
   995 2 2 15 10   428   469   470
   996 2 2 15 10   428   470   429
   997 2 2 15 10   429   470   471
   998 2 2 15 10   429   471   430
   999 2 2 15 10   430   471   472
  1000 2 2 15 10   430   472   431
  1001 2 2 15 10   431   472   432
  1002 2 2 15 10   432   472   473
  1003 2 2 15 10   432   473   433
  1004 2 2 15 10   433   473   474
  1005 2 2 15 10   433   474   434
  1006 2 2 15 10   434   474   475
  1007 2 2 15 10   434   475   435
  1008 2 2 15 10   435   475   476
  1009 2 2 15 10   435   476   436
  1010 2 2 15 10   436   476   477
  1011 2 2 15 10   436   477   437
  1012 2 2 15 10   437   477   478
  1013 2 2 15 10   437   478   438
  1014 2 2 15 10   438   478   479
  1015 2 2 15 10   438   479   439
  1016 2 2 15 10   439   479   480
  1017 2 2 15 10   439   480   440
  1018 2 2 15 10   440   480   481
  1019 2 2 15 10   440   481   441
  1020 2 2 15 10   441   481   482
  1021 2 2 15 10   441   482   442
  1022 2 2 15 10   442   482   483
  1023 2 2 15 10   442   483   443
  1024 2 2 15 10   443   483   484
  1025 2 2 15 10   443   484   444
  1026 2 2 15 10   444   484   485
  1027 2 2 15 10   444   485   445
  1028 2 2 15 10   445   485   486
  1029 2 2 15 10   445   486   446
  1030 2 2 15 10   446   486   487
  1031 2 2 15 10   446   487   447
  1032 2 2 15 10   447   487   488
  1033 2 2 15 10   447   488   448
  1034 2 2 15 10   448   488   489
  1035 2 2 15 10   448   489   449
  1036 2 2 15 10   449   489   490
  1037 2 2 15 10   449   490   450
  1038 2 2 15 10   450   490   491
  1039 2 2 15 10   450   491   451
  1040 2 2 15 10   451   491   492
  1041 2 2 15 10   452   493   494
  1042 2 2 15 10   452   494   453
  1043 2 2 15 10   453   494   495
  1044 2 2 15 10   453   495   454
  1045 2 2 15 10   454   495   496
  1046 2 2 15 10   454   496   455
  1047 2 2 15 10   455   496   497
  1048 2 2 15 10   455   497   456
  1049 2 2 15 10   456   497   498
  1050 2 2 15 10   456   498   457
  1051 2 2 15 10   457   498   499
  1052 2 2 15 10   457   499   458
  1053 2 2 15 10   458   499   500
  1054 2 2 15 10   458   500   459
  1055 2 2 15 10   459   500   501
  1056 2 2 15 10   459   501   460
  1057 2 2 15 10   460   501   502
  1058 2 2 15 10   460   502   461
  1059 2 2 15 10   461   502   503
  1060 2 2 15 10   461   503   462
  1061 2 2 15 10   462   503   504
  1062 2 2 15 10   462   504   463
  1063 2 2 15 10   463   504   505
  1064 2 2 15 10   463   505   464
  1065 2 2 15 10   464   505   506
  1066 2 2 15 10   464   506   465
  1067 2 2 15 10   465   506   507
  1068 2 2 15 10   465   507   466
  1069 2 2 15 10   466   507   508
  1070 2 2 15 10   466   508   467
  1071 2 2 15 10   467   508   509
  1072 2 2 15 10   467   509   468
  1073 2 2 15 10   468   509   510
  1074 2 2 15 10   468   510   469
  1075 2 2 15 10   469   510   511
  1076 2 2 15 10   469   511   470
  1077 2 2 15 10   470   511   512
  1078 2 2 15 10   470   512   471
  1079 2 2 15 10   471   512   513
  1080 2 2 15 10   471   513   472
  1081 2 2 15 10   472   513   473
  1082 2 2 15 10   473   513   514
  1083 2 2 15 10   473   514   474
  1084 2 2 15 10   474   514   515
  1085 2 2 15 10   474   515   475
  1086 2 2 15 10   475   515   516
  1087 2 2 15 10   475   516   476
  1088 2 2 15 10   476   516   517
  1089 2 2 15 10   476   517   477
  1090 2 2 15 10   477   517   518
  1091 2 2 15 10   477   518   478
  1092 2 2 15 10   478   518   519
  1093 2 2 15 10   478   519   479
  1094 2 2 15 10   479   519   520
  1095 2 2 15 10   479   520   480
  1096 2 2 15 10   480   520   521
  1097 2 2 15 10   480   521   481
  1098 2 2 15 10   481   521   522
  1099 2 2 15 10   481   522   482
  1100 2 2 15 10   482   522   523
  1101 2 2 15 10   482   523   483
  1102 2 2 15 10   483   523   524
  1103 2 2 15 10   483   524   484
  1104 2 2 15 10   484   524   525
  1105 2 2 15 10   484   525   485
  1106 2 2 15 10   485   525   526
  1107 2 2 15 10   485   526   486
  1108 2 2 15 10   486   526   527
  1109 2 2 15 10   486   527   487
  1110 2 2 15 10   487   527   528
  1111 2 2 15 10   487   528   488
  1112 2 2 15 10   488   528   529
  1113 2 2 15 10   488   529   489
  1114 2 2 15 10   489   529   530
  1115 2 2 15 10   489   530   490
  1116 2 2 15 10   490   530   531
  1117 2 2 15 10   490   531   491
  1118 2 2 15 10   491   531   532
  1119 2 2 15 10   491   532   492
  1120 2 2 15 10   492   532   533
  1121 2 2 15 10   493   534   535
  1122 2 2 15 10   493   535   494
  1123 2 2 15 10   494   535   536
  1124 2 2 15 10   494   536   495
  1125 2 2 15 10   495   536   537
  1126 2 2 15 10   495   537   496
  1127 2 2 15 10   496   537   538
  1128 2 2 15 10   496   538   497
  1129 2 2 15 10   497   538   539
  1130 2 2 15 10   497   539   498
  1131 2 2 15 10   498   539   540
  1132 2 2 15 10   498   540   499
  1133 2 2 15 10   499   540   541
  1134 2 2 15 10   499   541   500
  1135 2 2 15 10   500   541   542
  1136 2 2 15 10   500   542   501
  1137 2 2 15 10   501   542   543
  1138 2 2 15 10   501   543   502
  1139 2 2 15 10   502   543   544
  1140 2 2 15 10   502   544   503
  1141 2 2 15 10   503   544   545
  1142 2 2 15 10   503   545   504
  1143 2 2 15 10   504   545   546
  1144 2 2 15 10   504   546   505
  1145 2 2 15 10   505   546   547
  1146 2 2 15 10   505   547   506
  1147 2 2 15 10   506   547   548
  1148 2 2 15 10   506   548   507
  1149 2 2 15 10   507   548   549
  1150 2 2 15 10   507   549   508
  1151 2 2 15 10   508   549   550
  1152 2 2 15 10   508   550   509
  1153 2 2 15 10   509   550   551
  1154 2 2 15 10   509   551   510
  1155 2 2 15 10   510   551   552
  1156 2 2 15 10   510   552   511
  1157 2 2 15 10   511   552   553
  1158 2 2 15 10   511   553   512
  1159 2 2 15 10   512   553   554
  1160 2 2 15 10   512   554   513
  1161 2 2 15 10   513   554   514
  1162 2 2 15 10   514   554   555
  1163 2 2 15 10   514   555   515
  1164 2 2 15 10   515   555   556
  1165 2 2 15 10   515   556   516
  1166 2 2 15 10   516   556   557
  1167 2 2 15 10   516   557   517
  1168 2 2 15 10   517   557   558
  1169 2 2 15 10   517   558   518
  1170 2 2 15 10   518   558   559
  1171 2 2 15 10   518   559   519
  1172 2 2 15 10   519   559   560
  1173 2 2 15 10   519   560   520
  1174 2 2 15 10   520   560   561
  1175 2 2 15 10   520   561   521
  1176 2 2 15 10   521   561   562
  1177 2 2 15 10   521   562   522
  1178 2 2 15 10   522   562   563
  1179 2 2 15 10   522   563   523
  1180 2 2 15 10   523   563   564
  1181 2 2 15 10   523   564   524
  1182 2 2 15 10   524   564   565
  1183 2 2 15 10   524   565   525
  1184 2 2 15 10   525   565   566
  1185 2 2 15 10   525   566   526
  1186 2 2 15 10   526   566   567
  1187 2 2 15 10   526   567   527
  1188 2 2 15 10   527   567   568
  1189 2 2 15 10   527   568   528
  1190 2 2 15 10   528   568   569
  1191 2 2 15 10   528   569   529
  1192 2 2 15 10   529   569   570
  1193 2 2 15 10   529   570   530
  1194 2 2 15 10   530   570   571
  1195 2 2 15 10   530   571   531
  1196 2 2 15 10   531   571   572
  1197 2 2 15 10   531   572   532
  1198 2 2 15 10   532   572   573
  1199 2 2 15 10   532   573   533
  1200 2 2 15 10   533   573   574
  1201 2 2 15 10   534   575   576
  1202 2 2 15 10   534   576   535
  1203 2 2 15 10   535   576   577
  1204 2 2 15 10   535   577   536
  1205 2 2 15 10   536   577   578
  1206 2 2 15 10   536   578   537
  1207 2 2 15 10   537   578   579
  1208 2 2 15 10   537   579   538
  1209 2 2 15 10   538   579   580
  1210 2 2 15 10   538   580   539
  1211 2 2 15 10   539   580   581
  1212 2 2 15 10   539   581   540
  1213 2 2 15 10   540   581   582
  1214 2 2 15 10   540   582   541
  1215 2 2 15 10   541   582   583
  1216 2 2 15 10   541   583   542
  1217 2 2 15 10   542   583   584
  1218 2 2 15 10   542   584   543
  1219 2 2 15 10   543   584   585
  1220 2 2 15 10   543   585   544
  1221 2 2 15 10   544   585   586
  1222 2 2 15 10   544   586   545
  1223 2 2 15 10   545   586   587
  1224 2 2 15 10   545   587   546
  1225 2 2 15 10   546   587   588
  1226 2 2 15 10   546   588   547
  1227 2 2 15 10   547   588   589
  1228 2 2 15 10   547   589   548
  1229 2 2 15 10   548   589   590
  1230 2 2 15 10   548   590   549
  1231 2 2 15 10   549   590   591
  1232 2 2 15 10   549   591   550
  1233 2 2 15 10   550   591   592
  1234 2 2 15 10   550   592   551
  1235 2 2 15 10   551   592   593
  1236 2 2 15 10   551   593   552
  1237 2 2 15 10   552   593   594
  1238 2 2 15 10   552   594   553
  1239 2 2 15 10   553   594   595
  1240 2 2 15 10   553   595   554
  1241 2 2 15 10   554   595   555
  1242 2 2 15 10   555   595   596
  1243 2 2 15 10   555   596   556
  1244 2 2 15 10   556   596   597
  1245 2 2 15 10   556   597   557
  1246 2 2 15 10   557   597   598
  1247 2 2 15 10   557   598   558
  1248 2 2 15 10   558   598   599
  1249 2 2 15 10   558   599   559
  1250 2 2 15 10   559   599   600
  1251 2 2 15 10   559   600   560
  1252 2 2 15 10   560   600   601
  1253 2 2 15 10   560   601   561
  1254 2 2 15 10   561   601   602
  1255 2 2 15 10   561   602   562
  1256 2 2 15 10   562   602   603
  1257 2 2 15 10   562   603   563
  1258 2 2 15 10   563   603   604
  1259 2 2 15 10   563   604   564
  1260 2 2 15 10   564   604   605
  1261 2 2 15 10   564   605   565
  1262 2 2 15 10   565   605   606
  1263 2 2 15 10   565   606   566
  1264 2 2 15 10   566   606   607
  1265 2 2 15 10   566   607   567
  1266 2 2 15 10   567   607   608
  1267 2 2 15 10   567   608   568
  1268 2 2 15 10   568   608   609
  1269 2 2 15 10   568   609   569
  1270 2 2 15 10   569   609   610
  1271 2 2 15 10   569   610   570
  1272 2 2 15 10   570   610   611
  1273 2 2 15 10   570   611   571
  1274 2 2 15 10   571   611   612
  1275 2 2 15 10   571   612   572
  1276 2 2 15 10   572   612   613
  1277 2 2 15 10   572   613   573
  1278 2 2 15 10   573   613   614
  1279 2 2 15 10   573   614   574
  1280 2 2 15 10   574   614   615
  1281 2 2 15 10   575   616   617
  1282 2 2 15 10   575   617   576
  1283 2 2 15 10   576   617   618
  1284 2 2 15 10   576   618   577
  1285 2 2 15 10   577   618   619
  1286 2 2 15 10   577   619   578
  1287 2 2 15 10   578   619   620
  1288 2 2 15 10   578   620   579
  1289 2 2 15 10   579   620   621
  1290 2 2 15 10   579   621   580
  1291 2 2 15 10   580   621   622
  1292 2 2 15 10   580   622   581
  1293 2 2 15 10   581   622   623
  1294 2 2 15 10   581   623   582
  1295 2 2 15 10   582   623   624
  1296 2 2 15 10   582   624   583
  1297 2 2 15 10   583   624   625
  1298 2 2 15 10   583   625   584
  1299 2 2 15 10   584   625   626
  1300 2 2 15 10   584   626   585
  1301 2 2 15 10   585   626   627
  1302 2 2 15 10   585   627   586
  1303 2 2 15 10   586   627   628
  1304 2 2 15 10   586   628   587
  1305 2 2 15 10   587   628   629
  1306 2 2 15 10   587   629   588
  1307 2 2 15 10   588   629   630
  1308 2 2 15 10   588   630   589
  1309 2 2 15 10   589   630   631
  1310 2 2 15 10   589   631   590
  1311 2 2 15 10   590   631   632
  1312 2 2 15 10   590   632   591
  1313 2 2 15 10   591   632   633
  1314 2 2 15 10   591   633   592
  1315 2 2 15 10   592   633   634
  1316 2 2 15 10   592   634   593
  1317 2 2 15 10   593   634   635
  1318 2 2 15 10   593   635   594
  1319 2 2 15 10   594   635   636
  1320 2 2 15 10   594   636   595
  1321 2 2 15 10   595   636   596
  1322 2 2 15 10   596   636   637
  1323 2 2 15 10   596   637   597
  1324 2 2 15 10   597   637   638
  1325 2 2 15 10   597   638   598
  1326 2 2 15 10   598   638   639
  1327 2 2 15 10   598   639   599
  1328 2 2 15 10   599   639   640
  1329 2 2 15 10   599   640   600
  1330 2 2 15 10   600   640   641
  1331 2 2 15 10   600   641   601
  1332 2 2 15 10   601   641   642
  1333 2 2 15 10   601   642   602
  1334 2 2 15 10   602   642   643
  1335 2 2 15 10   602   643   603
  1336 2 2 15 10   603   643   644
  1337 2 2 15 10   603   644   604
  1338 2 2 15 10   604   644   645
  1339 2 2 15 10   604   645   605
  1340 2 2 15 10   605   645   646
  1341 2 2 15 10   605   646   606
  1342 2 2 15 10   606   646   647
  1343 2 2 15 10   606   647   607
  1344 2 2 15 10   607   647   648
  1345 2 2 15 10   607   648   608
  1346 2 2 15 10   608   648   649
  1347 2 2 15 10   608   649   609
  1348 2 2 15 10   609   649   650
  1349 2 2 15 10   609   650   610
  1350 2 2 15 10   610   650   651
  1351 2 2 15 10   610   651   611
  1352 2 2 15 10   611   651   652
  1353 2 2 15 10   611   652   612
  1354 2 2 15 10   612   652   653
  1355 2 2 15 10   612   653   613
  1356 2 2 15 10   613   653   654
  1357 2 2 15 10   613   654   614
  1358 2 2 15 10   614   654   655
  1359 2 2 15 10   614   655   615
  1360 2 2 15 10   615   655   656
  1361 2 2 15 10   616   657   658
  1362 2 2 15 10   616   658   617
  1363 2 2 15 10   617   658   659
  1364 2 2 15 10   617   659   618
  1365 2 2 15 10   618   659   660
  1366 2 2 15 10   618   660   619
  1367 2 2 15 10   619   660   661
  1368 2 2 15 10   619   661   620
  1369 2 2 15 10   620   661   662
  1370 2 2 15 10   620   662   621
  1371 2 2 15 10   621   662   663
  1372 2 2 15 10   621   663   622
  1373 2 2 15 10   622   663   664
  1374 2 2 15 10   622   664   623
  1375 2 2 15 10   623   664   665
  1376 2 2 15 10   623   665   624
  1377 2 2 15 10   624   665   666
  1378 2 2 15 10   624   666   625
  1379 2 2 15 10   625   666   667
  1380 2 2 15 10   625   667   626
  1381 2 2 15 10   626   667   668
  1382 2 2 15 10   626   668   627
  1383 2 2 15 10   627   668   669
  1384 2 2 15 10   627   669   628
  1385 2 2 15 10   628   669   670
  1386 2 2 15 10   628   670   629
  1387 2 2 15 10   629   670   671
  1388 2 2 15 10   629   671   630
  1389 2 2 15 10   630   671   672
  1390 2 2 15 10   630   672   631
  1391 2 2 15 10   631   672   673
  1392 2 2 15 10   631   673   632
  1393 2 2 15 10   632   673   674
  1394 2 2 15 10   632   674   633
  1395 2 2 15 10   633   674   675
  1396 2 2 15 10   633   675   634
  1397 2 2 15 10   634   675   676
  1398 2 2 15 10   634   676   635
  1399 2 2 15 10   635   676   677
  1400 2 2 15 10   635   677   636
  1401 2 2 15 10   636   677   637
  1402 2 2 15 10   637   677   678
  1403 2 2 15 10   637   678   638
  1404 2 2 15 10   638   678   679
  1405 2 2 15 10   638   679   639
  1406 2 2 15 10   639   679   680
  1407 2 2 15 10   639   680   640
  1408 2 2 15 10   640   680   681
  1409 2 2 15 10   640   681   641
  1410 2 2 15 10   641   681   682
  1411 2 2 15 10   641   682   642
  1412 2 2 15 10   642   682   683
  1413 2 2 15 10   642   683   643
  1414 2 2 15 10   643   683   684
  1415 2 2 15 10   643   684   644
  1416 2 2 15 10   644   684   685
  1417 2 2 15 10   644   685   645
  1418 2 2 15 10   645   685   686
  1419 2 2 15 10   645   686   646
  1420 2 2 15 10   646   686   687
  1421 2 2 15 10   646   687   647
  1422 2 2 15 10   647   687   688
  1423 2 2 15 10   647   688   648
  1424 2 2 15 10   648   688   689
  1425 2 2 15 10   648   689   649
  1426 2 2 15 10   649   689   690
  1427 2 2 15 10   649   690   650
  1428 2 2 15 10   650   690   691
  1429 2 2 15 10   650   691   651
  1430 2 2 15 10   651   691   692
  1431 2 2 15 10   651   692   652
  1432 2 2 15 10   652   692   693
  1433 2 2 15 10   652   693   653
  1434 2 2 15 10   653   693   694
  1435 2 2 15 10   653   694   654
  1436 2 2 15 10   654   694   695
  1437 2 2 15 10   654   695   655
  1438 2 2 15 10   655   695   696
  1439 2 2 15 10   655   696   656
  1440 2 2 15 10   656   696   697
  1441 2 2 15 10   657   698   699
  1442 2 2 15 10   657   699   658
  1443 2 2 15 10   658   699   700
  1444 2 2 15 10   658   700   659
  1445 2 2 15 10   659   700   701
  1446 2 2 15 10   659   701   660
  1447 2 2 15 10   660   701   702
  1448 2 2 15 10   660   702   661
  1449 2 2 15 10   661   702   703
  1450 2 2 15 10   661   703   662
  1451 2 2 15 10   662   703   704
  1452 2 2 15 10   662   704   663
  1453 2 2 15 10   663   704   705
  1454 2 2 15 10   663   705   664
  1455 2 2 15 10   664   705   706
  1456 2 2 15 10   664   706   665
  1457 2 2 15 10   665   706   707
  1458 2 2 15 10   665   707   666
  1459 2 2 15 10   666   707   708
  1460 2 2 15 10   666   708   667
  1461 2 2 15 10   667   708   709
  1462 2 2 15 10   667   709   668
  1463 2 2 15 10   668   709   710
  1464 2 2 15 10   668   710   669
  1465 2 2 15 10   669   710   711
  1466 2 2 15 10   669   711   670
  1467 2 2 15 10   670   711   712
  1468 2 2 15 10   670   712   671
  1469 2 2 15 10   671   712   713
  1470 2 2 15 10   671   713   672
  1471 2 2 15 10   672   713   714
  1472 2 2 15 10   672   714   673
  1473 2 2 15 10   673   714   715
  1474 2 2 15 10   673   715   674
  1475 2 2 15 10   674   715   716
  1476 2 2 15 10   674   716   675
  1477 2 2 15 10   675   716   717
  1478 2 2 15 10   675   717   676
  1479 2 2 15 10   676   717   718
  1480 2 2 15 10   676   718   677
  1481 2 2 15 10   677   718   678
  1482 2 2 15 10   678   718   719
  1483 2 2 15 10   678   719   679
  1484 2 2 15 10   679   719   720
  1485 2 2 15 10   679   720   680
  1486 2 2 15 10   680   720   721
  1487 2 2 15 10   680   721   681
  1488 2 2 15 10   681   721   722
  1489 2 2 15 10   681   722   682
  1490 2 2 15 10   682   722   723
  1491 2 2 15 10   682   723   683
  1492 2 2 15 10   683   723   724
  1493 2 2 15 10   683   724   684
  1494 2 2 15 10   684   724   725
  1495 2 2 15 10   684   725   685
  1496 2 2 15 10   685   725   726
  1497 2 2 15 10   685   726   686
  1498 2 2 15 10   686   726   727
  1499 2 2 15 10   686   727   687
  1500 2 2 15 10   687   727   728
  1501 2 2 15 10   687   728   688
  1502 2 2 15 10   688   728   729
  1503 2 2 15 10   688   729   689
  1504 2 2 15 10   689   729   730
  1505 2 2 15 10   689   730   690
  1506 2 2 15 10   690   730   731
  1507 2 2 15 10   690   731   691
  1508 2 2 15 10   691   731   732
  1509 2 2 15 10   691   732   692
  1510 2 2 15 10   692   732   733
  1511 2 2 15 10   692   733   693
  1512 2 2 15 10   693   733   734
  1513 2 2 15 10   693   734   694
  1514 2 2 15 10   694   734   735
  1515 2 2 15 10   694   735   695
  1516 2 2 15 10   695   735   736
  1517 2 2 15 10   695   736   696
  1518 2 2 15 10   696   736   737
  1519 2 2 15 10   696   737   697
  1520 2 2 15 10   697   737   738
  1521 2 2 15 10   698   739   740
  1522 2 2 15 10   698   740   699
  1523 2 2 15 10   699   740   741
  1524 2 2 15 10   699   741   700
  1525 2 2 15 10   700   741   742
  1526 2 2 15 10   700   742   701
  1527 2 2 15 10   701   742   743
  1528 2 2 15 10   701   743   702
  1529 2 2 15 10   702   743   744
  1530 2 2 15 10   702   744   703
  1531 2 2 15 10   703   744   745
  1532 2 2 15 10   703   745   704
  1533 2 2 15 10   704   745   746
  1534 2 2 15 10   704   746   705
  1535 2 2 15 10   705   746   747
  1536 2 2 15 10   705   747   706
  1537 2 2 15 10   706   747   748
  1538 2 2 15 10   706   748   707
  1539 2 2 15 10   707   748   749
  1540 2 2 15 10   707   749   708
  1541 2 2 15 10   708   749   750
  1542 2 2 15 10   708   750   709
  1543 2 2 15 10   709   750   751
  1544 2 2 15 10   709   751   710
  1545 2 2 15 10   710   751   752
  1546 2 2 15 10   710   752   711
  1547 2 2 15 10   711   752   753
  1548 2 2 15 10   711   753   712
  1549 2 2 15 10   712   753   754
  1550 2 2 15 10   712   754   713
  1551 2 2 15 10   713   754   755
  1552 2 2 15 10   713   755   714
  1553 2 2 15 10   714   755   756
  1554 2 2 15 10   714   756   715
  1555 2 2 15 10   715   756   757
  1556 2 2 15 10   715   757   716
  1557 2 2 15 10   716   757   758
  1558 2 2 15 10   716   758   717
  1559 2 2 15 10   717   758   759
  1560 2 2 15 10   717   759   718
  1561 2 2 15 10   718   759   719
  1562 2 2 15 10   719   759   760
  1563 2 2 15 10   719   760   720
  1564 2 2 15 10   720   760   761
  1565 2 2 15 10   720   761   721
  1566 2 2 15 10   721   761   762
  1567 2 2 15 10   721   762   722
  1568 2 2 15 10   722   762   763
  1569 2 2 15 10   722   763   723
  1570 2 2 15 10   723   763   764
  1571 2 2 15 10   723   764   724
  1572 2 2 15 10   724   764   765
  1573 2 2 15 10   724   765   725
  1574 2 2 15 10   725   765   766
  1575 2 2 15 10   725   766   726
  1576 2 2 15 10   726   766   767
  1577 2 2 15 10   726   767   727
  1578 2 2 15 10   727   767   768
  1579 2 2 15 10   727   768   728
  1580 2 2 15 10   728   768   769
  1581 2 2 15 10   728   769   729
  1582 2 2 15 10   729   769   770
  1583 2 2 15 10   729   770   730
  1584 2 2 15 10   730   770   771
  1585 2 2 15 10   730   771   731
  1586 2 2 15 10   731   771   772
  1587 2 2 15 10   731   772   732
  1588 2 2 15 10   732   772   773
  1589 2 2 15 10   732   773   733
  1590 2 2 15 10   733   773   774
  1591 2 2 15 10   733   774   734
  1592 2 2 15 10   734   774   775
  1593 2 2 15 10   734   775   735
  1594 2 2 15 10   735   775   776
  1595 2 2 15 10   735   776   736
  1596 2 2 15 10   736   776   777
  1597 2 2 15 10   736   777   737
  1598 2 2 15 10   737   777   778
  1599 2 2 15 10   737   778   738
  1600 2 2 15 10   738   778   779
  1601 2 2 15 10   739   780   781
  1602 2 2 15 10   739   781   740
  1603 2 2 15 10   740   781   782
  1604 2 2 15 10   740   782   741
  1605 2 2 15 10   741   782   783
  1606 2 2 15 10   741   783   742
  1607 2 2 15 10   742   783   784
  1608 2 2 15 10   742   784   743
  1609 2 2 15 10   743   784   785
  1610 2 2 15 10   743   785   744
  1611 2 2 15 10   744   785   786
  1612 2 2 15 10   744   786   745
  1613 2 2 15 10   745   786   787
  1614 2 2 15 10   745   787   746
  1615 2 2 15 10   746   787   788
  1616 2 2 15 10   746   788   747
  1617 2 2 15 10   747   788   789
  1618 2 2 15 10   747   789   748
  1619 2 2 15 10   748   789   790
  1620 2 2 15 10   748   790   749
  1621 2 2 15 10   749   790   791
  1622 2 2 15 10   749   791   750
  1623 2 2 15 10   750   791   792
  1624 2 2 15 10   750   792   751
  1625 2 2 15 10   751   792   793
  1626 2 2 15 10   751   793   752
  1627 2 2 15 10   752   793   794
  1628 2 2 15 10   752   794   753
  1629 2 2 15 10   753   794   795
  1630 2 2 15 10   753   795   754
  1631 2 2 15 10   754   795   796
  1632 2 2 15 10   754   796   755
  1633 2 2 15 10   755   796   797
  1634 2 2 15 10   755   797   756
  1635 2 2 15 10   756   797   798
  1636 2 2 15 10   756   798   757
  1637 2 2 15 10   757   798   799
  1638 2 2 15 10   757   799   758
  1639 2 2 15 10   758   799   800
  1640 2 2 15 10   758   800   759
  1641 2 2 15 10   759   800   760
  1642 2 2 15 10   760   800   801
  1643 2 2 15 10   760   801   761
  1644 2 2 15 10   761   801   802
  1645 2 2 15 10   761   802   762
  1646 2 2 15 10   762   802   803
  1647 2 2 15 10   762   803   763
  1648 2 2 15 10   763   803   804
  1649 2 2 15 10   763   804   764
  1650 2 2 15 10   764   804   805
  1651 2 2 15 10   764   805   765
  1652 2 2 15 10   765   805   806
  1653 2 2 15 10   765   806   766
  1654 2 2 15 10   766   806   807
  1655 2 2 15 10   766   807   767
  1656 2 2 15 10   767   807   808
  1657 2 2 15 10   767   808   768
  1658 2 2 15 10   768   808   809
  1659 2 2 15 10   768   809   769
  1660 2 2 15 10   769   809   810
  1661 2 2 15 10   769   810   770
  1662 2 2 15 10   770   810   811
  1663 2 2 15 10   770   811   771
  1664 2 2 15 10   771   811   812
  1665 2 2 15 10   771   812   772
  1666 2 2 15 10   772   812   813
  1667 2 2 15 10   772   813   773
  1668 2 2 15 10   773   813   814
  1669 2 2 15 10   773   814   774
  1670 2 2 15 10   774   814   815
  1671 2 2 15 10   774   815   775
  1672 2 2 15 10   775   815   816
  1673 2 2 15 10   775   816   776
  1674 2 2 15 10   776   816   817
  1675 2 2 15 10   776   817   777
  1676 2 2 15 10   777   817   818
  1677 2 2 15 10   777   818   778
  1678 2 2 15 10   778   818   819
  1679 2 2 15 10   778   819   779
  1680 2 2 15 10   779   819   820
  1681 2 2 15 10   780   821   822
  1682 2 2 15 10   780   822   781
  1683 2 2 15 10   781   822   823
  1684 2 2 15 10   781   823   782
  1685 2 2 15 10   782   823   824
  1686 2 2 15 10   782   824   783
  1687 2 2 15 10   783   824   825
  1688 2 2 15 10   783   825   784
  1689 2 2 15 10   784   825   826
  1690 2 2 15 10   784   826   785
  1691 2 2 15 10   785   826   827
  1692 2 2 15 10   785   827   786
  1693 2 2 15 10   786   827   828
  1694 2 2 15 10   786   828   787
  1695 2 2 15 10   787   828   829
  1696 2 2 15 10   787   829   788
  1697 2 2 15 10   788   829   830
  1698 2 2 15 10   788   830   789
  1699 2 2 15 10   789   830   831
  1700 2 2 15 10   789   831   790
  1701 2 2 15 10   790   831   832
  1702 2 2 15 10   790   832   791
  1703 2 2 15 10   791   832   833
  1704 2 2 15 10   791   833   792
  1705 2 2 15 10   792   833   834
  1706 2 2 15 10   792   834   793
  1707 2 2 15 10   793   834   835
  1708 2 2 15 10   793   835   794
  1709 2 2 15 10   794   835   836
  1710 2 2 15 10   794   836   795
  1711 2 2 15 10   795   836   837
  1712 2 2 15 10   795   837   796
  1713 2 2 15 10   796   837   838
  1714 2 2 15 10   796   838   797
  1715 2 2 15 10   797   838   839
  1716 2 2 15 10   797   839   798
  1717 2 2 15 10   798   839   840
  1718 2 2 15 10   798   840   799
  1719 2 2 15 10   799   840   841
  1720 2 2 15 10   799   841   800
  1721 2 2 15 10   800   841   801
  1722 2 2 15 10   801   841   842
  1723 2 2 15 10   801   842   802
  1724 2 2 15 10   802   842   843
  1725 2 2 15 10   802   843   803
  1726 2 2 15 10   803   843   844
  1727 2 2 15 10   803   844   804
  1728 2 2 15 10   804   844   845
  1729 2 2 15 10   804   845   805
  1730 2 2 15 10   805   845   846
  1731 2 2 15 10   805   846   806
  1732 2 2 15 10   806   846   847
  1733 2 2 15 10   806   847   807
  1734 2 2 15 10   807   847   848
  1735 2 2 15 10   807   848   808
  1736 2 2 15 10   808   848   849
  1737 2 2 15 10   808   849   809
  1738 2 2 15 10   809   849   850
  1739 2 2 15 10   809   850   810
  1740 2 2 15 10   810   850   851
  1741 2 2 15 10   810   851   811
  1742 2 2 15 10   811   851   852
  1743 2 2 15 10   811   852   812
  1744 2 2 15 10   812   852   853
  1745 2 2 15 10   812   853   813
  1746 2 2 15 10   813   853   854
  1747 2 2 15 10   813   854   814
  1748 2 2 15 10   814   854   855
  1749 2 2 15 10   814   855   815
  1750 2 2 15 10   815   855   856
  1751 2 2 15 10   815   856   816
  1752 2 2 15 10   816   856   857
  1753 2 2 15 10   816   857   817
  1754 2 2 15 10   817   857   858
  1755 2 2 15 10   817   858   818
  1756 2 2 15 10   818   858   859
  1757 2 2 15 10   818   859   819
  1758 2 2 15 10   819   859   860
  1759 2 2 15 10   819   860   820
  1760 2 2 15 10   820   860   861
  1761 2 2 15 10   821   862   863
  1762 2 2 15 10   821   863   822
  1763 2 2 15 10   822   863   864
  1764 2 2 15 10   822   864   823
  1765 2 2 15 10   823   864   865
  1766 2 2 15 10   823   865   824
  1767 2 2 15 10   824   865   866
  1768 2 2 15 10   824   866   825
  1769 2 2 15 10   825   866   867
  1770 2 2 15 10   825   867   826
  1771 2 2 15 10   826   867   868
  1772 2 2 15 10   826   868   827
  1773 2 2 15 10   827   868   869
  1774 2 2 15 10   827   869   828
  1775 2 2 15 10   828   869   870
  1776 2 2 15 10   828   870   829
  1777 2 2 15 10   829   870   871
  1778 2 2 15 10   829   871   830
  1779 2 2 15 10   830   871   872
  1780 2 2 15 10   830   872   831
  1781 2 2 15 10   831   872   873
  1782 2 2 15 10   831   873   832
  1783 2 2 15 10   832   873   874
  1784 2 2 15 10   832   874   833
  1785 2 2 15 10   833   874   875
  1786 2 2 15 10   833   875   834
  1787 2 2 15 10   834   875   876
  1788 2 2 15 10   834   876   835
  1789 2 2 15 10   835   876   877
  1790 2 2 15 10   835   877   836
  1791 2 2 15 10   836   877   878
  1792 2 2 15 10   836   878   837
  1793 2 2 15 10   837   878   879
  1794 2 2 15 10   837   879   838
  1795 2 2 15 10   838   879   880
  1796 2 2 15 10   838   880   839
  1797 2 2 15 10   839   880   881
  1798 2 2 15 10   839   881   840
  1799 2 2 15 10   840   881   882
  1800 2 2 15 10   840   882   841
  1801 2 2 15 10   841   882   842
  1802 2 2 15 10   842   882   883
  1803 2 2 15 10   842   883   843
  1804 2 2 15 10   843   883   884
  1805 2 2 15 10   843   884   844
  1806 2 2 15 10   844   884   885
  1807 2 2 15 10   844   885   845
  1808 2 2 15 10   845   885   886
  1809 2 2 15 10   845   886   846
  1810 2 2 15 10   846   886   887
  1811 2 2 15 10   846   887   847
  1812 2 2 15 10   847   887   888
  1813 2 2 15 10   847   888   848
  1814 2 2 15 10   848   888   889
  1815 2 2 15 10   848   889   849
  1816 2 2 15 10   849   889   890
  1817 2 2 15 10   849   890   850
  1818 2 2 15 10   850   890   891
  1819 2 2 15 10   850   891   851
  1820 2 2 15 10   851   891   892
  1821 2 2 15 10   851   892   852
  1822 2 2 15 10   852   892   893
  1823 2 2 15 10   852   893   853
  1824 2 2 15 10   853   893   894
  1825 2 2 15 10   853   894   854
  1826 2 2 15 10   854   894   895
  1827 2 2 15 10   854   895   855
  1828 2 2 15 10   855   895   896
  1829 2 2 15 10   855   896   856
  1830 2 2 15 10   856   896   897
  1831 2 2 15 10   856   897   857
  1832 2 2 15 10   857   897   898
  1833 2 2 15 10   857   898   858
  1834 2 2 15 10   858   898   899
  1835 2 2 15 10   858   899   859
  1836 2 2 15 10   859   899   900
  1837 2 2 15 10   859   900   860
  1838 2 2 15 10   860   900   901
  1839 2 2 15 10   860   901   861
  1840 2 2 15 10   861   901   902
  1841 2 2 15 10   862   903   904
  1842 2 2 15 10   862   904   863
  1843 2 2 15 10   863   904   905
  1844 2 2 15 10   863   905   864
  1845 2 2 15 10   864   905   906
  1846 2 2 15 10   864   906   865
  1847 2 2 15 10   865   906   907
  1848 2 2 15 10   865   907   866
  1849 2 2 15 10   866   907   908
  1850 2 2 15 10   866   908   867
  1851 2 2 15 10   867   908   909
  1852 2 2 15 10   867   909   868
  1853 2 2 15 10   868   909   910
  1854 2 2 15 10   868   910   869
  1855 2 2 15 10   869   910   911
  1856 2 2 15 10   869   911   870
  1857 2 2 15 10   870   911   912
  1858 2 2 15 10   870   912   871
  1859 2 2 15 10   871   912   913
  1860 2 2 15 10   871   913   872
  1861 2 2 15 10   872   913   914
  1862 2 2 15 10   872   914   873
  1863 2 2 15 10   873   914   915
  1864 2 2 15 10   873   915   874
  1865 2 2 15 10   874   915   916
  1866 2 2 15 10   874   916   875
  1867 2 2 15 10   875   916   917
  1868 2 2 15 10   875   917   876
  1869 2 2 15 10   876   917   918
  1870 2 2 15 10   876   918   877
  1871 2 2 15 10   877   918   919
  1872 2 2 15 10   877   919   878
  1873 2 2 15 10   878   919   920
  1874 2 2 15 10   878   920   879
  1875 2 2 15 10   879   920   921
  1876 2 2 15 10   879   921   880
  1877 2 2 15 10   880   921   922
  1878 2 2 15 10   880   922   881
  1879 2 2 15 10   881   922   923
  1880 2 2 15 10   881   923   882
  1881 2 2 15 10   882   923   883
  1882 2 2 15 10   883   923   924
  1883 2 2 15 10   883   924   884
  1884 2 2 15 10   884   924   925
  1885 2 2 15 10   884   925   885
  1886 2 2 15 10   885   925   926
  1887 2 2 15 10   885   926   886
  1888 2 2 15 10   886   926   927
  1889 2 2 15 10   886   927   887
  1890 2 2 15 10   887   927   928
  1891 2 2 15 10   887   928   888
  1892 2 2 15 10   888   928   929
  1893 2 2 15 10   888   929   889
  1894 2 2 15 10   889   929   930
  1895 2 2 15 10   889   930   890
  1896 2 2 15 10   890   930   931
  1897 2 2 15 10   890   931   891
  1898 2 2 15 10   891   931   932
  1899 2 2 15 10   891   932   892
  1900 2 2 15 10   892   932   933
  1901 2 2 15 10   892   933   893
  1902 2 2 15 10   893   933   934
  1903 2 2 15 10   893   934   894
  1904 2 2 15 10   894   934   935
  1905 2 2 15 10   894   935   895
  1906 2 2 15 10   895   935   936
  1907 2 2 15 10   895   936   896
  1908 2 2 15 10   896   936   937
  1909 2 2 15 10   896   937   897
  1910 2 2 15 10   897   937   938
  1911 2 2 15 10   897   938   898
  1912 2 2 15 10   898   938   939
  1913 2 2 15 10   898   939   899
  1914 2 2 15 10   899   939   940
  1915 2 2 15 10   899   940   900
  1916 2 2 15 10   900   940   941
  1917 2 2 15 10   900   941   901
  1918 2 2 15 10   901   941   942
  1919 2 2 15 10   901   942   902
  1920 2 2 15 10   902   942   943
  1921 2 2 15 10   903   944   945
  1922 2 2 15 10   903   945   904
  1923 2 2 15 10   904   945   946
  1924 2 2 15 10   904   946   905
  1925 2 2 15 10   905   946   947
  1926 2 2 15 10   905   947   906
  1927 2 2 15 10   906   947   948
  1928 2 2 15 10   906   948   907
  1929 2 2 15 10   907   948   949
  1930 2 2 15 10   907   949   908
  1931 2 2 15 10   908   949   950
  1932 2 2 15 10   908   950   909
  1933 2 2 15 10   909   950   951
  1934 2 2 15 10   909   951   910
  1935 2 2 15 10   910   951   952
  1936 2 2 15 10   910   952   911
  1937 2 2 15 10   911   952   953
  1938 2 2 15 10   911   953   912
  1939 2 2 15 10   912   953   954
  1940 2 2 15 10   912   954   913
  1941 2 2 15 10   913   954   955
  1942 2 2 15 10   913   955   914
  1943 2 2 15 10   914   955   956
  1944 2 2 15 10   914   956   915
  1945 2 2 15 10   915   956   957
  1946 2 2 15 10   915   957   916
  1947 2 2 15 10   916   957   958
  1948 2 2 15 10   916   958   917
  1949 2 2 15 10   917   958   959
  1950 2 2 15 10   917   959   918
  1951 2 2 15 10   918   959   960
  1952 2 2 15 10   918   960   919
  1953 2 2 15 10   919   960   961
  1954 2 2 15 10   919   961   920
  1955 2 2 15 10   920   961   962
  1956 2 2 15 10   920   962   921
  1957 2 2 15 10   921   962   963
  1958 2 2 15 10   921   963   922
  1959 2 2 15 10   922   963   964
  1960 2 2 15 10   922   964   923
  1961 2 2 15 10   923   964   924
  1962 2 2 15 10   924   964   965
  1963 2 2 15 10   924   965   925
  1964 2 2 15 10   925   965   966
  1965 2 2 15 10   925   966   926
  1966 2 2 15 10   926   966   967
  1967 2 2 15 10   926   967   927
  1968 2 2 15 10   927   967   968
  1969 2 2 15 10   927   968   928
  1970 2 2 15 10   928   968   969
  1971 2 2 15 10   928   969   929
  1972 2 2 15 10   929   969   970
  1973 2 2 15 10   929   970   930
  1974 2 2 15 10   930   970   971
  1975 2 2 15 10   930   971   931
  1976 2 2 15 10   931   971   972
  1977 2 2 15 10   931   972   932
  1978 2 2 15 10   932   972   973
  1979 2 2 15 10   932   973   933
  1980 2 2 15 10   933   973   974
  1981 2 2 15 10   933   974   934
  1982 2 2 15 10   934   974   975
  1983 2 2 15 10   934   975   935
  1984 2 2 15 10   935   975   976
  1985 2 2 15 10   935   976   936
  1986 2 2 15 10   936   976   977
  1987 2 2 15 10   936   977   937
  1988 2 2 15 10   937   977   978
  1989 2 2 15 10   937   978   938
  1990 2 2 15 10   938   978   979
  1991 2 2 15 10   938   979   939
  1992 2 2 15 10   939   979   980
  1993 2 2 15 10   939   980   940
  1994 2 2 15 10   940   980   981
  1995 2 2 15 10   940   981   941
  1996 2 2 15 10   941   981   982
  1997 2 2 15 10   941   982   942
  1998 2 2 15 10   942   982   983
  1999 2 2 15 10   942   983   943
  2000 2 2 15 10   943   983   984
  2001 2 2 15 10   944   985   986
  2002 2 2 15 10   944   986   945
  2003 2 2 15 10   945   986   987
  2004 2 2 15 10   945   987   946
  2005 2 2 15 10   946   987   988
  2006 2 2 15 10   946   988   947
  2007 2 2 15 10   947   988   989
  2008 2 2 15 10   947   989   948
  2009 2 2 15 10   948   989   990
  2010 2 2 15 10   948   990   949
  2011 2 2 15 10   949   990   991
  2012 2 2 15 10   949   991   950
  2013 2 2 15 10   950   991   992
  2014 2 2 15 10   950   992   951
  2015 2 2 15 10   951   992   993
  2016 2 2 15 10   951   993   952
  2017 2 2 15 10   952   993   994
  2018 2 2 15 10   952   994   953
  2019 2 2 15 10   953   994   995
  2020 2 2 15 10   953   995   954
  2021 2 2 15 10   954   995   996
  2022 2 2 15 10   954   996   955
  2023 2 2 15 10   955   996   997
  2024 2 2 15 10   955   997   956
  2025 2 2 15 10   956   997   998
  2026 2 2 15 10   956   998   957
  2027 2 2 15 10   957   998   999
  2028 2 2 15 10   957   999   958
  2029 2 2 15 10   958   999  1000
  2030 2 2 15 10   958  1000   959
  2031 2 2 15 10   959  1000  1001
  2032 2 2 15 10   959  1001   960
  2033 2 2 15 10   960  1001  1002
  2034 2 2 15 10   960  1002   961
  2035 2 2 15 10   961  1002  1003
  2036 2 2 15 10   961  1003   962
  2037 2 2 15 10   962  1003  1004
  2038 2 2 15 10   962  1004   963
  2039 2 2 15 10   963  1004  1005
  2040 2 2 15 10   963  1005   964
  2041 2 2 15 10   964  1005   965
  2042 2 2 15 10   965  1005  1006
  2043 2 2 15 10   965  1006   966
  2044 2 2 15 10   966  1006  1007
  2045 2 2 15 10   966  1007   967
  2046 2 2 15 10   967  1007  1008
  2047 2 2 15 10   967  1008   968
  2048 2 2 15 10   968  1008  1009
  2049 2 2 15 10   968  1009   969
  2050 2 2 15 10   969  1009  1010
  2051 2 2 15 10   969  1010   970
  2052 2 2 15 10   970  1010  1011
  2053 2 2 15 10   970  1011   971
  2054 2 2 15 10   971  1011  1012
  2055 2 2 15 10   971  1012   972
  2056 2 2 15 10   972  1012  1013
  2057 2 2 15 10   972  1013   973
  2058 2 2 15 10   973  1013  1014
  2059 2 2 15 10   973  1014   974
  2060 2 2 15 10   974  1014  1015
  2061 2 2 15 10   974  1015   975
  2062 2 2 15 10   975  1015  1016
  2063 2 2 15 10   975  1016   976
  2064 2 2 15 10   976  1016  1017
  2065 2 2 15 10   976  1017   977
  2066 2 2 15 10   977  1017  1018
  2067 2 2 15 10   977  1018   978
  2068 2 2 15 10   978  1018  1019
  2069 2 2 15 10   978  1019   979
  2070 2 2 15 10   979  1019  1020
  2071 2 2 15 10   979  1020   980
  2072 2 2 15 10   980  1020  1021
  2073 2 2 15 10   980  1021   981
  2074 2 2 15 10   981  1021  1022
  2075 2 2 15 10   981  1022   982
  2076 2 2 15 10   982  1022  1023
  2077 2 2 15 10   982  1023   983
  2078 2 2 15 10   983  1023  1024
  2079 2 2 15 10   983  1024   984
  2080 2 2 15 10   984  1024  1025
  2081 2 2 15 10   985  1026  1027
  2082 2 2 15 10   985  1027   986
  2083 2 2 15 10   986  1027  1028
  2084 2 2 15 10   986  1028   987
  2085 2 2 15 10   987  1028  1029
  2086 2 2 15 10   987  1029   988
  2087 2 2 15 10   988  1029  1030
  2088 2 2 15 10   988  1030   989
  2089 2 2 15 10   989  1030  1031
  2090 2 2 15 10   989  1031   990
  2091 2 2 15 10   990  1031  1032
  2092 2 2 15 10   990  1032   991
  2093 2 2 15 10   991  1032  1033
  2094 2 2 15 10   991  1033   992
  2095 2 2 15 10   992  1033  1034
  2096 2 2 15 10   992  1034   993
  2097 2 2 15 10   993  1034  1035
  2098 2 2 15 10   993  1035   994
  2099 2 2 15 10   994  1035  1036
  2100 2 2 15 10   994  1036   995
  2101 2 2 15 10   995  1036  1037
  2102 2 2 15 10   995  1037   996
  2103 2 2 15 10   996  1037  1038
  2104 2 2 15 10   996  1038   997
  2105 2 2 15 10   997  1038  1039
  2106 2 2 15 10   997  1039   998
  2107 2 2 15 10   998  1039  1040
  2108 2 2 15 10   998  1040   999
  2109 2 2 15 10   999  1040  1041
  2110 2 2 15 10   999  1041  1000
  2111 2 2 15 10  1000  1041  1042
  2112 2 2 15 10  1000  1042  1001
  2113 2 2 15 10  1001  1042  1043
  2114 2 2 15 10  1001  1043  1002
  2115 2 2 15 10  1002  1043  1044
  2116 2 2 15 10  1002  1044  1003
  2117 2 2 15 10  1003  1044  1045
  2118 2 2 15 10  1003  1045  1004
  2119 2 2 15 10  1004  1045  1046
  2120 2 2 15 10  1004  1046  1005
  2121 2 2 15 10  1005  1046  1006
  2122 2 2 15 10  1006  1046  1047
  2123 2 2 15 10  1006  1047  1007
  2124 2 2 15 10  1007  1047  1048
  2125 2 2 15 10  1007  1048  1008
  2126 2 2 15 10  1008  1048  1049
  2127 2 2 15 10  1008  1049  1009
  2128 2 2 15 10  1009  1049  1050
  2129 2 2 15 10  1009  1050  1010
  2130 2 2 15 10  1010  1050  1051
  2131 2 2 15 10  1010  1051  1011
  2132 2 2 15 10  1011  1051  1052
  2133 2 2 15 10  1011  1052  1012
  2134 2 2 15 10  1012  1052  1053
  2135 2 2 15 10  1012  1053  1013
  2136 2 2 15 10  1013  1053  1054
  2137 2 2 15 10  1013  1054  1014
  2138 2 2 15 10  1014  1054  1055
  2139 2 2 15 10  1014  1055  1015
  2140 2 2 15 10  1015  1055  1056
  2141 2 2 15 10  1015  1056  1016
  2142 2 2 15 10  1016  1056  1057
  2143 2 2 15 10  1016  1057  1017
  2144 2 2 15 10  1017  1057  1058
  2145 2 2 15 10  1017  1058  1018
  2146 2 2 15 10  1018  1058  1059
  2147 2 2 15 10  1018  1059  1019
  2148 2 2 15 10  1019  1059  1060
  2149 2 2 15 10  1019  1060  1020
  2150 2 2 15 10  1020  1060  1061
  2151 2 2 15 10  1020  1061  1021
  2152 2 2 15 10  1021  1061  1062
  2153 2 2 15 10  1021  1062  1022
  2154 2 2 15 10  1022  1062  1063
  2155 2 2 15 10  1022  1063  1023
  2156 2 2 15 10  1023  1063  1064
  2157 2 2 15 10  1023  1064  1024
  2158 2 2 15 10  1024  1064  1065
  2159 2 2 15 10  1024  1065  1025
  2160 2 2 15 10  1025  1065  1066
  2161 2 2 15 10  1026  1067  1068
  2162 2 2 15 10  1026  1068  1027
  2163 2 2 15 10  1027  1068  1069
  2164 2 2 15 10  1027  1069  1028
  2165 2 2 15 10  1028  1069  1070
  2166 2 2 15 10  1028  1070  1029
  2167 2 2 15 10  1029  1070  1071
  2168 2 2 15 10  1029  1071  1030
  2169 2 2 15 10  1030  1071  1072
  2170 2 2 15 10  1030  1072  1031
  2171 2 2 15 10  1031  1072  1073
  2172 2 2 15 10  1031  1073  1032
  2173 2 2 15 10  1032  1073  1074
  2174 2 2 15 10  1032  1074  1033
  2175 2 2 15 10  1033  1074  1075
  2176 2 2 15 10  1033  1075  1034
  2177 2 2 15 10  1034  1075  1076
  2178 2 2 15 10  1034  1076  1035
  2179 2 2 15 10  1035  1076  1077
  2180 2 2 15 10  1035  1077  1036
  2181 2 2 15 10  1036  1077  1078
  2182 2 2 15 10  1036  1078  1037
  2183 2 2 15 10  1037  1078  1079
  2184 2 2 15 10  1037  1079  1038
  2185 2 2 15 10  1038  1079  1080
  2186 2 2 15 10  1038  1080  1039
  2187 2 2 15 10  1039  1080  1081
  2188 2 2 15 10  1039  1081  1040
  2189 2 2 15 10  1040  1081  1082
  2190 2 2 15 10  1040  1082  1041
  2191 2 2 15 10  1041  1082  1083
  2192 2 2 15 10  1041  1083  1042
  2193 2 2 15 10  1042  1083  1084
  2194 2 2 15 10  1042  1084  1043
  2195 2 2 15 10  1043  1084  1085
  2196 2 2 15 10  1043  1085  1044
  2197 2 2 15 10  1044  1085  1086
  2198 2 2 15 10  1044  1086  1045
  2199 2 2 15 10  1045  1086  1087
  2200 2 2 15 10  1045  1087  1046
  2201 2 2 15 10  1046  1087  1047
  2202 2 2 15 10  1047  1087  1088
  2203 2 2 15 10  1047  1088  1048
  2204 2 2 15 10  1048  1088  1089
  2205 2 2 15 10  1048  1089  1049
  2206 2 2 15 10  1049  1089  1090
  2207 2 2 15 10  1049  1090  1050
  2208 2 2 15 10  1050  1090  1091
  2209 2 2 15 10  1050  1091  1051
  2210 2 2 15 10  1051  1091  1092
  2211 2 2 15 10  1051  1092  1052
  2212 2 2 15 10  1052  1092  1093
  2213 2 2 15 10  1052  1093  1053
  2214 2 2 15 10  1053  1093  1094
  2215 2 2 15 10  1053  1094  1054
  2216 2 2 15 10  1054  1094  1095
  2217 2 2 15 10  1054  1095  1055
  2218 2 2 15 10  1055  1095  1096
  2219 2 2 15 10  1055  1096  1056
  2220 2 2 15 10  1056  1096  1097
  2221 2 2 15 10  1056  1097  1057
  2222 2 2 15 10  1057  1097  1098
  2223 2 2 15 10  1057  1098  1058
  2224 2 2 15 10  1058  1098  1099
  2225 2 2 15 10  1058  1099  1059
  2226 2 2 15 10  1059  1099  1100
  2227 2 2 15 10  1059  1100  1060
  2228 2 2 15 10  1060  1100  1101
  2229 2 2 15 10  1060  1101  1061
  2230 2 2 15 10  1061  1101  1102
  2231 2 2 15 10  1061  1102  1062
  2232 2 2 15 10  1062  1102  1103
  2233 2 2 15 10  1062  1103  1063
  2234 2 2 15 10  1063  1103  1104
  2235 2 2 15 10  1063  1104  1064
  2236 2 2 15 10  1064  1104  1105
  2237 2 2 15 10  1064  1105  1065
  2238 2 2 15 10  1065  1105  1106
  2239 2 2 15 10  1065  1106  1066
  2240 2 2 15 10  1066  1106  1107
  2241 2 2 15 10  1067  1108  1109
  2242 2 2 15 10  1067  1109  1068
  2243 2 2 15 10  1068  1109  1110
  2244 2 2 15 10  1068  1110  1069
  2245 2 2 15 10  1069  1110  1111
  2246 2 2 15 10  1069  1111  1070
  2247 2 2 15 10  1070  1111  1112
  2248 2 2 15 10  1070  1112  1071
  2249 2 2 15 10  1071  1112  1113
  2250 2 2 15 10  1071  1113  1072
  2251 2 2 15 10  1072  1113  1114
  2252 2 2 15 10  1072  1114  1073
  2253 2 2 15 10  1073  1114  1115
  2254 2 2 15 10  1073  1115  1074
  2255 2 2 15 10  1074  1115  1116
  2256 2 2 15 10  1074  1116  1075
  2257 2 2 15 10  1075  1116  1117
  2258 2 2 15 10  1075  1117  1076
  2259 2 2 15 10  1076  1117  1118
  2260 2 2 15 10  1076  1118  1077
  2261 2 2 15 10  1077  1118  1119
  2262 2 2 15 10  1077  1119  1078
  2263 2 2 15 10  1078  1119  1120
  2264 2 2 15 10  1078  1120  1079
  2265 2 2 15 10  1079  1120  1121
  2266 2 2 15 10  1079  1121  1080
  2267 2 2 15 10  1080  1121  1122
  2268 2 2 15 10  1080  1122  1081
  2269 2 2 15 10  1081  1122  1123
  2270 2 2 15 10  1081  1123  1082
  2271 2 2 15 10  1082  1123  1124
  2272 2 2 15 10  1082  1124  1083
  2273 2 2 15 10  1083  1124  1125
  2274 2 2 15 10  1083  1125  1084
  2275 2 2 15 10  1084  1125  1126
  2276 2 2 15 10  1084  1126  1085
  2277 2 2 15 10  1085  1126  1127
  2278 2 2 15 10  1085  1127  1086
  2279 2 2 15 10  1086  1127  1128
  2280 2 2 15 10  1086  1128  1087
  2281 2 2 15 10  1087  1128  1088
  2282 2 2 15 10  1088  1128  1129
  2283 2 2 15 10  1088  1129  1089
  2284 2 2 15 10  1089  1129  1130
  2285 2 2 15 10  1089  1130  1090
  2286 2 2 15 10  1090  1130  1131
  2287 2 2 15 10  1090  1131  1091
  2288 2 2 15 10  1091  1131  1132
  2289 2 2 15 10  1091  1132  1092
  2290 2 2 15 10  1092  1132  1133
  2291 2 2 15 10  1092  1133  1093
  2292 2 2 15 10  1093  1133  1134
  2293 2 2 15 10  1093  1134  1094
  2294 2 2 15 10  1094  1134  1135
  2295 2 2 15 10  1094  1135  1095
  2296 2 2 15 10  1095  1135  1136
  2297 2 2 15 10  1095  1136  1096
  2298 2 2 15 10  1096  1136  1137
  2299 2 2 15 10  1096  1137  1097
  2300 2 2 15 10  1097  1137  1138
  2301 2 2 15 10  1097  1138  1098
  2302 2 2 15 10  1098  1138  1139
  2303 2 2 15 10  1098  1139  1099
  2304 2 2 15 10  1099  1139  1140
  2305 2 2 15 10  1099  1140  1100
  2306 2 2 15 10  1100  1140  1141
  2307 2 2 15 10  1100  1141  1101
  2308 2 2 15 10  1101  1141  1142
  2309 2 2 15 10  1101  1142  1102
  2310 2 2 15 10  1102  1142  1143
  2311 2 2 15 10  1102  1143  1103
  2312 2 2 15 10  1103  1143  1144
  2313 2 2 15 10  1103  1144  1104
  2314 2 2 15 10  1104  1144  1145
  2315 2 2 15 10  1104  1145  1105
  2316 2 2 15 10  1105  1145  1146
  2317 2 2 15 10  1105  1146  1106
  2318 2 2 15 10  1106  1146  1147
  2319 2 2 15 10  1106  1147  1107
  2320 2 2 15 10  1107  1147  1148
  2321 2 2 15 10  1108  1149  1150
  2322 2 2 15 10  1108  1150  1109
  2323 2 2 15 10  1109  1150  1151
  2324 2 2 15 10  1109  1151  1110
  2325 2 2 15 10  1110  1151  1152
  2326 2 2 15 10  1110  1152  1111
  2327 2 2 15 10  1111  1152  1153
  2328 2 2 15 10  1111  1153  1112
  2329 2 2 15 10  1112  1153  1154
  2330 2 2 15 10  1112  1154  1113
  2331 2 2 15 10  1113  1154  1155
  2332 2 2 15 10  1113  1155  1114
  2333 2 2 15 10  1114  1155  1156
  2334 2 2 15 10  1114  1156  1115
  2335 2 2 15 10  1115  1156  1157
  2336 2 2 15 10  1115  1157  1116
  2337 2 2 15 10  1116  1157  1158
  2338 2 2 15 10  1116  1158  1117
  2339 2 2 15 10  1117  1158  1159
  2340 2 2 15 10  1117  1159  1118
  2341 2 2 15 10  1118  1159  1160
  2342 2 2 15 10  1118  1160  1119
  2343 2 2 15 10  1119  1160  1161
  2344 2 2 15 10  1119  1161  1120
  2345 2 2 15 10  1120  1161  1162
  2346 2 2 15 10  1120  1162  1121
  2347 2 2 15 10  1121  1162  1163
  2348 2 2 15 10  1121  1163  1122
  2349 2 2 15 10  1122  1163  1164
  2350 2 2 15 10  1122  1164  1123
  2351 2 2 15 10  1123  1164  1165
  2352 2 2 15 10  1123  1165  1124
  2353 2 2 15 10  1124  1165  1166
  2354 2 2 15 10  1124  1166  1125
  2355 2 2 15 10  1125  1166  1167
  2356 2 2 15 10  1125  1167  1126
  2357 2 2 15 10  1126  1167  1168
  2358 2 2 15 10  1126  1168  1127
  2359 2 2 15 10  1127  1168  1169
  2360 2 2 15 10  1127  1169  1128
  2361 2 2 15 10  1128  1169  1129
  2362 2 2 15 10  1129  1169  1170
  2363 2 2 15 10  1129  1170  1130
  2364 2 2 15 10  1130  1170  1171
  2365 2 2 15 10  1130  1171  1131
  2366 2 2 15 10  1131  1171  1172
  2367 2 2 15 10  1131  1172  1132
  2368 2 2 15 10  1132  1172  1173
  2369 2 2 15 10  1132  1173  1133
  2370 2 2 15 10  1133  1173  1174
  2371 2 2 15 10  1133  1174  1134
  2372 2 2 15 10  1134  1174  1175
  2373 2 2 15 10  1134  1175  1135
  2374 2 2 15 10  1135  1175  1176
  2375 2 2 15 10  1135  1176  1136
  2376 2 2 15 10  1136  1176  1177
  2377 2 2 15 10  1136  1177  1137
  2378 2 2 15 10  1137  1177  1178
  2379 2 2 15 10  1137  1178  1138
  2380 2 2 15 10  1138  1178  1179
  2381 2 2 15 10  1138  1179  1139
  2382 2 2 15 10  1139  1179  1180
  2383 2 2 15 10  1139  1180  1140
  2384 2 2 15 10  1140  1180  1181
  2385 2 2 15 10  1140  1181  1141
  2386 2 2 15 10  1141  1181  1182
  2387 2 2 15 10  1141  1182  1142
  2388 2 2 15 10  1142  1182  1183
  2389 2 2 15 10  1142  1183  1143
  2390 2 2 15 10  1143  1183  1184
  2391 2 2 15 10  1143  1184  1144
  2392 2 2 15 10  1144  1184  1185
  2393 2 2 15 10  1144  1185  1145
  2394 2 2 15 10  1145  1185  1186
  2395 2 2 15 10  1145  1186  1146
  2396 2 2 15 10  1146  1186  1187
  2397 2 2 15 10  1146  1187  1147
  2398 2 2 15 10  1147  1187  1188
  2399 2 2 15 10  1147  1188  1148
  2400 2 2 15 10  1148  1188  1189
  2401 2 2 15 10  1149  1190  1191
  2402 2 2 15 10  1149  1191  1150
  2403 2 2 15 10  1150  1191  1192
  2404 2 2 15 10  1150  1192  1151
  2405 2 2 15 10  1151  1192  1193
  2406 2 2 15 10  1151  1193  1152
  2407 2 2 15 10  1152  1193  1194
  2408 2 2 15 10  1152  1194  1153
  2409 2 2 15 10  1153  1194  1195
  2410 2 2 15 10  1153  1195  1154
  2411 2 2 15 10  1154  1195  1196
  2412 2 2 15 10  1154  1196  1155
  2413 2 2 15 10  1155  1196  1197
  2414 2 2 15 10  1155  1197  1156
  2415 2 2 15 10  1156  1197  1198
  2416 2 2 15 10  1156  1198  1157
  2417 2 2 15 10  1157  1198  1199
  2418 2 2 15 10  1157  1199  1158
  2419 2 2 15 10  1158  1199  1200
  2420 2 2 15 10  1158  1200  1159
  2421 2 2 15 10  1159  1200  1201
  2422 2 2 15 10  1159  1201  1160
  2423 2 2 15 10  1160  1201  1202
  2424 2 2 15 10  1160  1202  1161
  2425 2 2 15 10  1161  1202  1203
  2426 2 2 15 10  1161  1203  1162
  2427 2 2 15 10  1162  1203  1204
  2428 2 2 15 10  1162  1204  1163
  2429 2 2 15 10  1163  1204  1205
  2430 2 2 15 10  1163  1205  1164
  2431 2 2 15 10  1164  1205  1206
  2432 2 2 15 10  1164  1206  1165
  2433 2 2 15 10  1165  1206  1207
  2434 2 2 15 10  1165  1207  1166
  2435 2 2 15 10  1166  1207  1208
  2436 2 2 15 10  1166  1208  1167
  2437 2 2 15 10  1167  1208  1209
  2438 2 2 15 10  1167  1209  1168
  2439 2 2 15 10  1168  1209  1210
  2440 2 2 15 10  1168  1210  1169
  2441 2 2 15 10  1169  1210  1170
  2442 2 2 15 10  1170  1210  1211
  2443 2 2 15 10  1170  1211  1171
  2444 2 2 15 10  1171  1211  1212
  2445 2 2 15 10  1171  1212  1172
  2446 2 2 15 10  1172  1212  1213
  2447 2 2 15 10  1172  1213  1173
  2448 2 2 15 10  1173  1213  1214
  2449 2 2 15 10  1173  1214  1174
  2450 2 2 15 10  1174  1214  1215
  2451 2 2 15 10  1174  1215  1175
  2452 2 2 15 10  1175  1215  1216
  2453 2 2 15 10  1175  1216  1176
  2454 2 2 15 10  1176  1216  1217
  2455 2 2 15 10  1176  1217  1177
  2456 2 2 15 10  1177  1217  1218
  2457 2 2 15 10  1177  1218  1178
  2458 2 2 15 10  1178  1218  1219
  2459 2 2 15 10  1178  1219  1179
  2460 2 2 15 10  1179  1219  1220
  2461 2 2 15 10  1179  1220  1180
  2462 2 2 15 10  1180  1220  1221
  2463 2 2 15 10  1180  1221  1181
  2464 2 2 15 10  1181  1221  1222
  2465 2 2 15 10  1181  1222  1182
  2466 2 2 15 10  1182  1222  1223
  2467 2 2 15 10  1182  1223  1183
  2468 2 2 15 10  1183  1223  1224
  2469 2 2 15 10  1183  1224  1184
  2470 2 2 15 10  1184  1224  1225
  2471 2 2 15 10  1184  1225  1185
  2472 2 2 15 10  1185  1225  1226
  2473 2 2 15 10  1185  1226  1186
  2474 2 2 15 10  1186  1226  1227
  2475 2 2 15 10  1186  1227  1187
  2476 2 2 15 10  1187  1227  1228
  2477 2 2 15 10  1187  1228  1188
  2478 2 2 15 10  1188  1228  1229
  2479 2 2 15 10  1188  1229  1189
  2480 2 2 15 10  1189  1229  1230
  2481 2 2 15 10  1190  1231  1232
  2482 2 2 15 10  1190  1232  1191
  2483 2 2 15 10  1191  1232  1233
  2484 2 2 15 10  1191  1233  1192
  2485 2 2 15 10  1192  1233  1234
  2486 2 2 15 10  1192  1234  1193
  2487 2 2 15 10  1193  1234  1235
  2488 2 2 15 10  1193  1235  1194
  2489 2 2 15 10  1194  1235  1236
  2490 2 2 15 10  1194  1236  1195
  2491 2 2 15 10  1195  1236  1237
  2492 2 2 15 10  1195  1237  1196
  2493 2 2 15 10  1196  1237  1238
  2494 2 2 15 10  1196  1238  1197
  2495 2 2 15 10  1197  1238  1239
  2496 2 2 15 10  1197  1239  1198
  2497 2 2 15 10  1198  1239  1240
  2498 2 2 15 10  1198  1240  1199
  2499 2 2 15 10  1199  1240  1241
  2500 2 2 15 10  1199  1241  1200
  2501 2 2 15 10  1200  1241  1242
  2502 2 2 15 10  1200  1242  1201
  2503 2 2 15 10  1201  1242  1243
  2504 2 2 15 10  1201  1243  1202
  2505 2 2 15 10  1202  1243  1244
  2506 2 2 15 10  1202  1244  1203
  2507 2 2 15 10  1203  1244  1245
  2508 2 2 15 10  1203  1245  1204
  2509 2 2 15 10  1204  1245  1246
  2510 2 2 15 10  1204  1246  1205
  2511 2 2 15 10  1205  1246  1247
  2512 2 2 15 10  1205  1247  1206
  2513 2 2 15 10  1206  1247  1248
  2514 2 2 15 10  1206  1248  1207
  2515 2 2 15 10  1207  1248  1249
  2516 2 2 15 10  1207  1249  1208
  2517 2 2 15 10  1208  1249  1250
  2518 2 2 15 10  1208  1250  1209
  2519 2 2 15 10  1209  1250  1251
  2520 2 2 15 10  1209  1251  1210
  2521 2 2 15 10  1210  1251  1211
  2522 2 2 15 10  1211  1251  1252
  2523 2 2 15 10  1211  1252  1212
  2524 2 2 15 10  1212  1252  1253
  2525 2 2 15 10  1212  1253  1213
  2526 2 2 15 10  1213  1253  1254
  2527 2 2 15 10  1213  1254  1214
  2528 2 2 15 10  1214  1254  1255
  2529 2 2 15 10  1214  1255  1215
  2530 2 2 15 10  1215  1255  1256
  2531 2 2 15 10  1215  1256  1216
  2532 2 2 15 10  1216  1256  1257
  2533 2 2 15 10  1216  1257  1217
  2534 2 2 15 10  1217  1257  1258
  2535 2 2 15 10  1217  1258  1218
  2536 2 2 15 10  1218  1258  1259
  2537 2 2 15 10  1218  1259  1219
  2538 2 2 15 10  1219  1259  1260
  2539 2 2 15 10  1219  1260  1220
  2540 2 2 15 10  1220  1260  1261
  2541 2 2 15 10  1220  1261  1221
  2542 2 2 15 10  1221  1261  1262
  2543 2 2 15 10  1221  1262  1222
  2544 2 2 15 10  1222  1262  1263
  2545 2 2 15 10  1222  1263  1223
  2546 2 2 15 10  1223  1263  1264
  2547 2 2 15 10  1223  1264  1224
  2548 2 2 15 10  1224  1264  1265
  2549 2 2 15 10  1224  1265  1225
  2550 2 2 15 10  1225  1265  1266
  2551 2 2 15 10  1225  1266  1226
  2552 2 2 15 10  1226  1266  1267
  2553 2 2 15 10  1226  1267  1227
  2554 2 2 15 10  1227  1267  1268
  2555 2 2 15 10  1227  1268  1228
  2556 2 2 15 10  1228  1268  1269
  2557 2 2 15 10  1228  1269  1229
  2558 2 2 15 10  1229  1269  1270
  2559 2 2 15 10  1229  1270  1230
  2560 2 2 15 10  1230  1270  1271
  2561 2 2 15 10  1231  1272  1273
  2562 2 2 15 10  1231  1273  1232
  2563 2 2 15 10  1232  1273  1274
  2564 2 2 15 10  1232  1274  1233
  2565 2 2 15 10  1233  1274  1275
  2566 2 2 15 10  1233  1275  1234
  2567 2 2 15 10  1234  1275  1276
  2568 2 2 15 10  1234  1276  1235
  2569 2 2 15 10  1235  1276  1277
  2570 2 2 15 10  1235  1277  1236
  2571 2 2 15 10  1236  1277  1278
  2572 2 2 15 10  1236  1278  1237
  2573 2 2 15 10  1237  1278  1279
  2574 2 2 15 10  1237  1279  1238
  2575 2 2 15 10  1238  1279  1280
  2576 2 2 15 10  1238  1280  1239
  2577 2 2 15 10  1239  1280  1281
  2578 2 2 15 10  1239  1281  1240
  2579 2 2 15 10  1240  1281  1282
  2580 2 2 15 10  1240  1282  1241
  2581 2 2 15 10  1241  1282  1283
  2582 2 2 15 10  1241  1283  1242
  2583 2 2 15 10  1242  1283  1284
  2584 2 2 15 10  1242  1284  1243
  2585 2 2 15 10  1243  1284  1285
  2586 2 2 15 10  1243  1285  1244
  2587 2 2 15 10  1244  1285  1286
  2588 2 2 15 10  1244  1286  1245
  2589 2 2 15 10  1245  1286  1287
  2590 2 2 15 10  1245  1287  1246
  2591 2 2 15 10  1246  1287  1288
  2592 2 2 15 10  1246  1288  1247
  2593 2 2 15 10  1247  1288  1289
  2594 2 2 15 10  1247  1289  1248
  2595 2 2 15 10  1248  1289  1290
  2596 2 2 15 10  1248  1290  1249
  2597 2 2 15 10  1249  1290  1291
  2598 2 2 15 10  1249  1291  1250
  2599 2 2 15 10  1250  1291  1292
  2600 2 2 15 10  1250  1292  1251
  2601 2 2 15 10  1251  1292  1252
  2602 2 2 15 10  1252  1292  1293
  2603 2 2 15 10  1252  1293  1253
  2604 2 2 15 10  1253  1293  1294
  2605 2 2 15 10  1253  1294  1254
  2606 2 2 15 10  1254  1294  1295
  2607 2 2 15 10  1254  1295  1255
  2608 2 2 15 10  1255  1295  1296
  2609 2 2 15 10  1255  1296  1256
  2610 2 2 15 10  1256  1296  1297
  2611 2 2 15 10  1256  1297  1257
  2612 2 2 15 10  1257  1297  1298
  2613 2 2 15 10  1257  1298  1258
  2614 2 2 15 10  1258  1298  1299
  2615 2 2 15 10  1258  1299  1259
  2616 2 2 15 10  1259  1299  1300
  2617 2 2 15 10  1259  1300  1260
  2618 2 2 15 10  1260  1300  1301
  2619 2 2 15 10  1260  1301  1261
  2620 2 2 15 10  1261  1301  1302
  2621 2 2 15 10  1261  1302  1262
  2622 2 2 15 10  1262  1302  1303
  2623 2 2 15 10  1262  1303  1263
  2624 2 2 15 10  1263  1303  1304
  2625 2 2 15 10  1263  1304  1264
  2626 2 2 15 10  1264  1304  1305
  2627 2 2 15 10  1264  1305  1265
  2628 2 2 15 10  1265  1305  1306
  2629 2 2 15 10  1265  1306  1266
  2630 2 2 15 10  1266  1306  1307
  2631 2 2 15 10  1266  1307  1267
  2632 2 2 15 10  1267  1307  1308
  2633 2 2 15 10  1267  1308  1268
  2634 2 2 15 10  1268  1308  1309
  2635 2 2 15 10  1268  1309  1269
  2636 2 2 15 10  1269  1309  1310
  2637 2 2 15 10  1269  1310  1270
  2638 2 2 15 10  1270  1310  1311
  2639 2 2 15 10  1270  1311  1271
  2640 2 2 15 10  1271  1311  1312
  2641 2 2 15 10  1272  1313  1314
  2642 2 2 15 10  1272  1314  1273
  2643 2 2 15 10  1273  1314  1315
  2644 2 2 15 10  1273  1315  1274
  2645 2 2 15 10  1274  1315  1316
  2646 2 2 15 10  1274  1316  1275
  2647 2 2 15 10  1275  1316  1317
  2648 2 2 15 10  1275  1317  1276
  2649 2 2 15 10  1276  1317  1318
  2650 2 2 15 10  1276  1318  1277
  2651 2 2 15 10  1277  1318  1319
  2652 2 2 15 10  1277  1319  1278
  2653 2 2 15 10  1278  1319  1320
  2654 2 2 15 10  1278  1320  1279
  2655 2 2 15 10  1279  1320  1321
  2656 2 2 15 10  1279  1321  1280
  2657 2 2 15 10  1280  1321  1322
  2658 2 2 15 10  1280  1322  1281
  2659 2 2 15 10  1281  1322  1323
  2660 2 2 15 10  1281  1323  1282
  2661 2 2 15 10  1282  1323  1324
  2662 2 2 15 10  1282  1324  1283
  2663 2 2 15 10  1283  1324  1325
  2664 2 2 15 10  1283  1325  1284
  2665 2 2 15 10  1284  1325  1326
  2666 2 2 15 10  1284  1326  1285
  2667 2 2 15 10  1285  1326  1327
  2668 2 2 15 10  1285  1327  1286
  2669 2 2 15 10  1286  1327  1328
  2670 2 2 15 10  1286  1328  1287
  2671 2 2 15 10  1287  1328  1329
  2672 2 2 15 10  1287  1329  1288
  2673 2 2 15 10  1288  1329  1330
  2674 2 2 15 10  1288  1330  1289
  2675 2 2 15 10  1289  1330  1331
  2676 2 2 15 10  1289  1331  1290
  2677 2 2 15 10  1290  1331  1332
  2678 2 2 15 10  1290  1332  1291
  2679 2 2 15 10  1291  1332  1333
  2680 2 2 15 10  1291  1333  1292
  2681 2 2 15 10  1292  1333  1293
  2682 2 2 15 10  1293  1333  1334
  2683 2 2 15 10  1293  1334  1294
  2684 2 2 15 10  1294  1334  1335
  2685 2 2 15 10  1294  1335  1295
  2686 2 2 15 10  1295  1335  1336
  2687 2 2 15 10  1295  1336  1296
  2688 2 2 15 10  1296  1336  1337
  2689 2 2 15 10  1296  1337  1297
  2690 2 2 15 10  1297  1337  1338
  2691 2 2 15 10  1297  1338  1298
  2692 2 2 15 10  1298  1338  1339
  2693 2 2 15 10  1298  1339  1299
  2694 2 2 15 10  1299  1339  1340
  2695 2 2 15 10  1299  1340  1300
  2696 2 2 15 10  1300  1340  1341
  2697 2 2 15 10  1300  1341  1301
  2698 2 2 15 10  1301  1341  1342
  2699 2 2 15 10  1301  1342  1302
  2700 2 2 15 10  1302  1342  1343
  2701 2 2 15 10  1302  1343  1303
  2702 2 2 15 10  1303  1343  1344
  2703 2 2 15 10  1303  1344  1304
  2704 2 2 15 10  1304  1344  1345
  2705 2 2 15 10  1304  1345  1305
  2706 2 2 15 10  1305  1345  1346
  2707 2 2 15 10  1305  1346  1306
  2708 2 2 15 10  1306  1346  1347
  2709 2 2 15 10  1306  1347  1307
  2710 2 2 15 10  1307  1347  1348
  2711 2 2 15 10  1307  1348  1308
  2712 2 2 15 10  1308  1348  1349
  2713 2 2 15 10  1308  1349  1309
  2714 2 2 15 10  1309  1349  1350
  2715 2 2 15 10  1309  1350  1310
  2716 2 2 15 10  1310  1350  1351
  2717 2 2 15 10  1310  1351  1311
  2718 2 2 15 10  1311  1351  1352
  2719 2 2 15 10  1311  1352  1312
  2720 2 2 15 10  1312  1352  1353
  2721 2 2 15 10  1313  1354  1355
  2722 2 2 15 10  1313  1355  1314
  2723 2 2 15 10  1314  1355  1356
  2724 2 2 15 10  1314  1356  1315
  2725 2 2 15 10  1315  1356  1357
  2726 2 2 15 10  1315  1357  1316
  2727 2 2 15 10  1316  1357  1358
  2728 2 2 15 10  1316  1358  1317
  2729 2 2 15 10  1317  1358  1359
  2730 2 2 15 10  1317  1359  1318
  2731 2 2 15 10  1318  1359  1360
  2732 2 2 15 10  1318  1360  1319
  2733 2 2 15 10  1319  1360  1361
  2734 2 2 15 10  1319  1361  1320
  2735 2 2 15 10  1320  1361  1362
  2736 2 2 15 10  1320  1362  1321
  2737 2 2 15 10  1321  1362  1363
  2738 2 2 15 10  1321  1363  1322
  2739 2 2 15 10  1322  1363  1364
  2740 2 2 15 10  1322  1364  1323
  2741 2 2 15 10  1323  1364  1365
  2742 2 2 15 10  1323  1365  1324
  2743 2 2 15 10  1324  1365  1366
  2744 2 2 15 10  1324  1366  1325
  2745 2 2 15 10  1325  1366  1367
  2746 2 2 15 10  1325  1367  1326
  2747 2 2 15 10  1326  1367  1368
  2748 2 2 15 10  1326  1368  1327
  2749 2 2 15 10  1327  1368  1369
  2750 2 2 15 10  1327  1369  1328
  2751 2 2 15 10  1328  1369  1370
  2752 2 2 15 10  1328  1370  1329
  2753 2 2 15 10  1329  1370  1371
  2754 2 2 15 10  1329  1371  1330
  2755 2 2 15 10  1330  1371  1372
  2756 2 2 15 10  1330  1372  1331
  2757 2 2 15 10  1331  1372  1373
  2758 2 2 15 10  1331  1373  1332
  2759 2 2 15 10  1332  1373  1374
  2760 2 2 15 10  1332  1374  1333
  2761 2 2 15 10  1333  1374  1334
  2762 2 2 15 10  1334  1374  1375
  2763 2 2 15 10  1334  1375  1335
  2764 2 2 15 10  1335  1375  1376
  2765 2 2 15 10  1335  1376  1336
  2766 2 2 15 10  1336  1376  1377
  2767 2 2 15 10  1336  1377  1337
  2768 2 2 15 10  1337  1377  1378
  2769 2 2 15 10  1337  1378  1338
  2770 2 2 15 10  1338  1378  1379
  2771 2 2 15 10  1338  1379  1339
  2772 2 2 15 10  1339  1379  1380
  2773 2 2 15 10  1339  1380  1340
  2774 2 2 15 10  1340  1380  1381
  2775 2 2 15 10  1340  1381  1341
  2776 2 2 15 10  1341  1381  1382
  2777 2 2 15 10  1341  1382  1342
  2778 2 2 15 10  1342  1382  1383
  2779 2 2 15 10  1342  1383  1343
  2780 2 2 15 10  1343  1383  1384
  2781 2 2 15 10  1343  1384  1344
  2782 2 2 15 10  1344  1384  1385
  2783 2 2 15 10  1344  1385  1345
  2784 2 2 15 10  1345  1385  1386
  2785 2 2 15 10  1345  1386  1346
  2786 2 2 15 10  1346  1386  1387
  2787 2 2 15 10  1346  1387  1347
  2788 2 2 15 10  1347  1387  1388
  2789 2 2 15 10  1347  1388  1348
  2790 2 2 15 10  1348  1388  1389
  2791 2 2 15 10  1348  1389  1349
  2792 2 2 15 10  1349  1389  1390
  2793 2 2 15 10  1349  1390  1350
  2794 2 2 15 10  1350  1390  1391
  2795 2 2 15 10  1350  1391  1351
  2796 2 2 15 10  1351  1391  1392
  2797 2 2 15 10  1351  1392  1352
  2798 2 2 15 10  1352  1392  1393
  2799 2 2 15 10  1352  1393  1353
  2800 2 2 15 10  1353  1393  1394
  2801 2 2 15 10  1354  1395  1396
  2802 2 2 15 10  1354  1396  1355
  2803 2 2 15 10  1355  1396  1397
  2804 2 2 15 10  1355  1397  1356
  2805 2 2 15 10  1356  1397  1398
  2806 2 2 15 10  1356  1398  1357
  2807 2 2 15 10  1357  1398  1399
  2808 2 2 15 10  1357  1399  1358
  2809 2 2 15 10  1358  1399  1400
  2810 2 2 15 10  1358  1400  1359
  2811 2 2 15 10  1359  1400  1401
  2812 2 2 15 10  1359  1401  1360
  2813 2 2 15 10  1360  1401  1402
  2814 2 2 15 10  1360  1402  1361
  2815 2 2 15 10  1361  1402  1403
  2816 2 2 15 10  1361  1403  1362
  2817 2 2 15 10  1362  1403  1404
  2818 2 2 15 10  1362  1404  1363
  2819 2 2 15 10  1363  1404  1405
  2820 2 2 15 10  1363  1405  1364
  2821 2 2 15 10  1364  1405  1406
  2822 2 2 15 10  1364  1406  1365
  2823 2 2 15 10  1365  1406  1407
  2824 2 2 15 10  1365  1407  1366
  2825 2 2 15 10  1366  1407  1408
  2826 2 2 15 10  1366  1408  1367
  2827 2 2 15 10  1367  1408  1409
  2828 2 2 15 10  1367  1409  1368
  2829 2 2 15 10  1368  1409  1410
  2830 2 2 15 10  1368  1410  1369
  2831 2 2 15 10  1369  1410  1411
  2832 2 2 15 10  1369  1411  1370
  2833 2 2 15 10  1370  1411  1412
  2834 2 2 15 10  1370  1412  1371
  2835 2 2 15 10  1371  1412  1413
  2836 2 2 15 10  1371  1413  1372
  2837 2 2 15 10  1372  1413  1414
  2838 2 2 15 10  1372  1414  1373
  2839 2 2 15 10  1373  1414  1415
  2840 2 2 15 10  1373  1415  1374
  2841 2 2 15 10  1374  1415  1375
  2842 2 2 15 10  1375  1415  1416
  2843 2 2 15 10  1375  1416  1376
  2844 2 2 15 10  1376  1416  1417
  2845 2 2 15 10  1376  1417  1377
  2846 2 2 15 10  1377  1417  1418
  2847 2 2 15 10  1377  1418  1378
  2848 2 2 15 10  1378  1418  1419
  2849 2 2 15 10  1378  1419  1379
  2850 2 2 15 10  1379  1419  1420
  2851 2 2 15 10  1379  1420  1380
  2852 2 2 15 10  1380  1420  1421
  2853 2 2 15 10  1380  1421  1381
  2854 2 2 15 10  1381  1421  1422
  2855 2 2 15 10  1381  1422  1382
  2856 2 2 15 10  1382  1422  1423
  2857 2 2 15 10  1382  1423  1383
  2858 2 2 15 10  1383  1423  1424
  2859 2 2 15 10  1383  1424  1384
  2860 2 2 15 10  1384  1424  1425
  2861 2 2 15 10  1384  1425  1385
  2862 2 2 15 10  1385  1425  1426
  2863 2 2 15 10  1385  1426  1386
  2864 2 2 15 10  1386  1426  1427
  2865 2 2 15 10  1386  1427  1387
  2866 2 2 15 10  1387  1427  1428
  2867 2 2 15 10  1387  1428  1388
  2868 2 2 15 10  1388  1428  1429
  2869 2 2 15 10  1388  1429  1389
  2870 2 2 15 10  1389  1429  1430
  2871 2 2 15 10  1389  1430  1390
  2872 2 2 15 10  1390  1430  1431
  2873 2 2 15 10  1390  1431  1391
  2874 2 2 15 10  1391  1431  1432
  2875 2 2 15 10  1391  1432  1392
  2876 2 2 15 10  1392  1432  1433
  2877 2 2 15 10  1392  1433  1393
  2878 2 2 15 10  1393  1433  1434
  2879 2 2 15 10  1393  1434  1394
  2880 2 2 15 10  1394  1434  1435
  2881 2 2 15 10  1395  1436  1437
  2882 2 2 15 10  1395  1437  1396
  2883 2 2 15 10  1396  1437  1438
  2884 2 2 15 10  1396  1438  1397
  2885 2 2 15 10  1397  1438  1439
  2886 2 2 15 10  1397  1439  1398
  2887 2 2 15 10  1398  1439  1440
  2888 2 2 15 10  1398  1440  1399
  2889 2 2 15 10  1399  1440  1441
  2890 2 2 15 10  1399  1441  1400
  2891 2 2 15 10  1400  1441  1442
  2892 2 2 15 10  1400  1442  1401
  2893 2 2 15 10  1401  1442  1443
  2894 2 2 15 10  1401  1443  1402
  2895 2 2 15 10  1402  1443  1444
  2896 2 2 15 10  1402  1444  1403
  2897 2 2 15 10  1403  1444  1445
  2898 2 2 15 10  1403  1445  1404
  2899 2 2 15 10  1404  1445  1446
  2900 2 2 15 10  1404  1446  1405
  2901 2 2 15 10  1405  1446  1447
  2902 2 2 15 10  1405  1447  1406
  2903 2 2 15 10  1406  1447  1448
  2904 2 2 15 10  1406  1448  1407
  2905 2 2 15 10  1407  1448  1449
  2906 2 2 15 10  1407  1449  1408
  2907 2 2 15 10  1408  1449  1450
  2908 2 2 15 10  1408  1450  1409
  2909 2 2 15 10  1409  1450  1451
  2910 2 2 15 10  1409  1451  1410
  2911 2 2 15 10  1410  1451  1452
  2912 2 2 15 10  1410  1452  1411
  2913 2 2 15 10  1411  1452  1453
  2914 2 2 15 10  1411  1453  1412
  2915 2 2 15 10  1412  1453  1454
  2916 2 2 15 10  1412  1454  1413
  2917 2 2 15 10  1413  1454  1455
  2918 2 2 15 10  1413  1455  1414
  2919 2 2 15 10  1414  1455  1456
  2920 2 2 15 10  1414  1456  1415
  2921 2 2 15 10  1415  1456  1416
  2922 2 2 15 10  1416  1456  1457
  2923 2 2 15 10  1416  1457  1417
  2924 2 2 15 10  1417  1457  1458
  2925 2 2 15 10  1417  1458  1418
  2926 2 2 15 10  1418  1458  1459
  2927 2 2 15 10  1418  1459  1419
  2928 2 2 15 10  1419  1459  1460
  2929 2 2 15 10  1419  1460  1420
  2930 2 2 15 10  1420  1460  1461
  2931 2 2 15 10  1420  1461  1421
  2932 2 2 15 10  1421  1461  1462
  2933 2 2 15 10  1421  1462  1422
  2934 2 2 15 10  1422  1462  1463
  2935 2 2 15 10  1422  1463  1423
  2936 2 2 15 10  1423  1463  1464
  2937 2 2 15 10  1423  1464  1424
  2938 2 2 15 10  1424  1464  1465
  2939 2 2 15 10  1424  1465  1425
  2940 2 2 15 10  1425  1465  1466
  2941 2 2 15 10  1425  1466  1426
  2942 2 2 15 10  1426  1466  1467
  2943 2 2 15 10  1426  1467  1427
  2944 2 2 15 10  1427  1467  1468
  2945 2 2 15 10  1427  1468  1428
  2946 2 2 15 10  1428  1468  1469
  2947 2 2 15 10  1428  1469  1429
  2948 2 2 15 10  1429  1469  1470
  2949 2 2 15 10  1429  1470  1430
  2950 2 2 15 10  1430  1470  1471
  2951 2 2 15 10  1430  1471  1431
  2952 2 2 15 10  1431  1471  1472
  2953 2 2 15 10  1431  1472  1432
  2954 2 2 15 10  1432  1472  1473
  2955 2 2 15 10  1432  1473  1433
  2956 2 2 15 10  1433  1473  1474
  2957 2 2 15 10  1433  1474  1434
  2958 2 2 15 10  1434  1474  1475
  2959 2 2 15 10  1434  1475  1435
  2960 2 2 15 10  1435  1475  1476
  2961 2 2 15 10  1436  1477  1478
  2962 2 2 15 10  1436  1478  1437
  2963 2 2 15 10  1437  1478  1479
  2964 2 2 15 10  1437  1479  1438
  2965 2 2 15 10  1438  1479  1480
  2966 2 2 15 10  1438  1480  1439
  2967 2 2 15 10  1439  1480  1481
  2968 2 2 15 10  1439  1481  1440
  2969 2 2 15 10  1440  1481  1482
  2970 2 2 15 10  1440  1482  1441
  2971 2 2 15 10  1441  1482  1483
  2972 2 2 15 10  1441  1483  1442
  2973 2 2 15 10  1442  1483  1484
  2974 2 2 15 10  1442  1484  1443
  2975 2 2 15 10  1443  1484  1485
  2976 2 2 15 10  1443  1485  1444
  2977 2 2 15 10  1444  1485  1486
  2978 2 2 15 10  1444  1486  1445
  2979 2 2 15 10  1445  1486  1487
  2980 2 2 15 10  1445  1487  1446
  2981 2 2 15 10  1446  1487  1488
  2982 2 2 15 10  1446  1488  1447
  2983 2 2 15 10  1447  1488  1489
  2984 2 2 15 10  1447  1489  1448
  2985 2 2 15 10  1448  1489  1490
  2986 2 2 15 10  1448  1490  1449
  2987 2 2 15 10  1449  1490  1491
  2988 2 2 15 10  1449  1491  1450
  2989 2 2 15 10  1450  1491  1492
  2990 2 2 15 10  1450  1492  1451
  2991 2 2 15 10  1451  1492  1493
  2992 2 2 15 10  1451  1493  1452
  2993 2 2 15 10  1452  1493  1494
  2994 2 2 15 10  1452  1494  1453
  2995 2 2 15 10  1453  1494  1495
  2996 2 2 15 10  1453  1495  1454
  2997 2 2 15 10  1454  1495  1496
  2998 2 2 15 10  1454  1496  1455
  2999 2 2 15 10  1455  1496  1497
  3000 2 2 15 10  1455  1497  1456
  3001 2 2 15 10  1456  1497  1457
  3002 2 2 15 10  1457  1497  1498
  3003 2 2 15 10  1457  1498  1458
  3004 2 2 15 10  1458  1498  1499
  3005 2 2 15 10  1458  1499  1459
  3006 2 2 15 10  1459  1499  1500
  3007 2 2 15 10  1459  1500  1460
  3008 2 2 15 10  1460  1500  1501
  3009 2 2 15 10  1460  1501  1461
  3010 2 2 15 10  1461  1501  1502
  3011 2 2 15 10  1461  1502  1462
  3012 2 2 15 10  1462  1502  1503
  3013 2 2 15 10  1462  1503  1463
  3014 2 2 15 10  1463  1503  1504
  3015 2 2 15 10  1463  1504  1464
  3016 2 2 15 10  1464  1504  1505
  3017 2 2 15 10  1464  1505  1465
  3018 2 2 15 10  1465  1505  1506
  3019 2 2 15 10  1465  1506  1466
  3020 2 2 15 10  1466  1506  1507
  3021 2 2 15 10  1466  1507  1467
  3022 2 2 15 10  1467  1507  1508
  3023 2 2 15 10  1467  1508  1468
  3024 2 2 15 10  1468  1508  1509
  3025 2 2 15 10  1468  1509  1469
  3026 2 2 15 10  1469  1509  1510
  3027 2 2 15 10  1469  1510  1470
  3028 2 2 15 10  1470  1510  1511
  3029 2 2 15 10  1470  1511  1471
  3030 2 2 15 10  1471  1511  1512
  3031 2 2 15 10  1471  1512  1472
  3032 2 2 15 10  1472  1512  1513
  3033 2 2 15 10  1472  1513  1473
  3034 2 2 15 10  1473  1513  1514
  3035 2 2 15 10  1473  1514  1474
  3036 2 2 15 10  1474  1514  1515
  3037 2 2 15 10  1474  1515  1475
  3038 2 2 15 10  1475  1515  1516
  3039 2 2 15 10  1475  1516  1476
  3040 2 2 15 10  1476  1516  1517
  3041 2 2 15 10  1477  1518  1519
  3042 2 2 15 10  1477  1519  1478
  3043 2 2 15 10  1478  1519  1520
  3044 2 2 15 10  1478  1520  1479
  3045 2 2 15 10  1479  1520  1521
  3046 2 2 15 10  1479  1521  1480
  3047 2 2 15 10  1480  1521  1522
  3048 2 2 15 10  1480  1522  1481
  3049 2 2 15 10  1481  1522  1523
  3050 2 2 15 10  1481  1523  1482
  3051 2 2 15 10  1482  1523  1524
  3052 2 2 15 10  1482  1524  1483
  3053 2 2 15 10  1483  1524  1525
  3054 2 2 15 10  1483  1525  1484
  3055 2 2 15 10  1484  1525  1526
  3056 2 2 15 10  1484  1526  1485
  3057 2 2 15 10  1485  1526  1527
  3058 2 2 15 10  1485  1527  1486
  3059 2 2 15 10  1486  1527  1528
  3060 2 2 15 10  1486  1528  1487
  3061 2 2 15 10  1487  1528  1529
  3062 2 2 15 10  1487  1529  1488
  3063 2 2 15 10  1488  1529  1530
  3064 2 2 15 10  1488  1530  1489
  3065 2 2 15 10  1489  1530  1531
  3066 2 2 15 10  1489  1531  1490
  3067 2 2 15 10  1490  1531  1532
  3068 2 2 15 10  1490  1532  1491
  3069 2 2 15 10  1491  1532  1533
  3070 2 2 15 10  1491  1533  1492
  3071 2 2 15 10  1492  1533  1534
  3072 2 2 15 10  1492  1534  1493
  3073 2 2 15 10  1493  1534  1535
  3074 2 2 15 10  1493  1535  1494
  3075 2 2 15 10  1494  1535  1536
  3076 2 2 15 10  1494  1536  1495
  3077 2 2 15 10  1495  1536  1537
  3078 2 2 15 10  1495  1537  1496
  3079 2 2 15 10  1496  1537  1538
  3080 2 2 15 10  1496  1538  1497
  3081 2 2 15 10  1497  1538  1498
  3082 2 2 15 10  1498  1538  1539
  3083 2 2 15 10  1498  1539  1499
  3084 2 2 15 10  1499  1539  1540
  3085 2 2 15 10  1499  1540  1500
  3086 2 2 15 10  1500  1540  1541
  3087 2 2 15 10  1500  1541  1501
  3088 2 2 15 10  1501  1541  1542
  3089 2 2 15 10  1501  1542  1502
  3090 2 2 15 10  1502  1542  1543
  3091 2 2 15 10  1502  1543  1503
  3092 2 2 15 10  1503  1543  1544
  3093 2 2 15 10  1503  1544  1504
  3094 2 2 15 10  1504  1544  1545
  3095 2 2 15 10  1504  1545  1505
  3096 2 2 15 10  1505  1545  1546
  3097 2 2 15 10  1505  1546  1506
  3098 2 2 15 10  1506  1546  1547
  3099 2 2 15 10  1506  1547  1507
  3100 2 2 15 10  1507  1547  1548
  3101 2 2 15 10  1507  1548  1508
  3102 2 2 15 10  1508  1548  1549
  3103 2 2 15 10  1508  1549  1509
  3104 2 2 15 10  1509  1549  1550
  3105 2 2 15 10  1509  1550  1510
  3106 2 2 15 10  1510  1550  1551
  3107 2 2 15 10  1510  1551  1511
  3108 2 2 15 10  1511  1551  1552
  3109 2 2 15 10  1511  1552  1512
  3110 2 2 15 10  1512  1552  1553
  3111 2 2 15 10  1512  1553  1513
  3112 2 2 15 10  1513  1553  1554
  3113 2 2 15 10  1513  1554  1514
  3114 2 2 15 10  1514  1554  1555
  3115 2 2 15 10  1514  1555  1515
  3116 2 2 15 10  1515  1555  1556
  3117 2 2 15 10  1515  1556  1516
  3118 2 2 15 10  1516  1556  1557
  3119 2 2 15 10  1516  1557  1517
  3120 2 2 15 10  1517  1557  1558
  3121 2 2 15 10  1518  1559  1560
  3122 2 2 15 10  1518  1560  1519
  3123 2 2 15 10  1519  1560  1561
  3124 2 2 15 10  1519  1561  1520
  3125 2 2 15 10  1520  1561  1562
  3126 2 2 15 10  1520  1562  1521
  3127 2 2 15 10  1521  1562  1563
  3128 2 2 15 10  1521  1563  1522
  3129 2 2 15 10  1522  1563  1564
  3130 2 2 15 10  1522  1564  1523
  3131 2 2 15 10  1523  1564  1565
  3132 2 2 15 10  1523  1565  1524
  3133 2 2 15 10  1524  1565  1566
  3134 2 2 15 10  1524  1566  1525
  3135 2 2 15 10  1525  1566  1567
  3136 2 2 15 10  1525  1567  1526
  3137 2 2 15 10  1526  1567  1568
  3138 2 2 15 10  1526  1568  1527
  3139 2 2 15 10  1527  1568  1569
  3140 2 2 15 10  1527  1569  1528
  3141 2 2 15 10  1528  1569  1570
  3142 2 2 15 10  1528  1570  1529
  3143 2 2 15 10  1529  1570  1571
  3144 2 2 15 10  1529  1571  1530
  3145 2 2 15 10  1530  1571  1572
  3146 2 2 15 10  1530  1572  1531
  3147 2 2 15 10  1531  1572  1573
  3148 2 2 15 10  1531  1573  1532
  3149 2 2 15 10  1532  1573  1574
  3150 2 2 15 10  1532  1574  1533
  3151 2 2 15 10  1533  1574  1575
  3152 2 2 15 10  1533  1575  1534
  3153 2 2 15 10  1534  1575  1576
  3154 2 2 15 10  1534  1576  1535
  3155 2 2 15 10  1535  1576  1577
  3156 2 2 15 10  1535  1577  1536
  3157 2 2 15 10  1536  1577  1578
  3158 2 2 15 10  1536  1578  1537
  3159 2 2 15 10  1537  1578  1579
  3160 2 2 15 10  1537  1579  1538
  3161 2 2 15 10  1538  1579  1539
  3162 2 2 15 10  1539  1579  1580
  3163 2 2 15 10  1539  1580  1540
  3164 2 2 15 10  1540  1580  1581
  3165 2 2 15 10  1540  1581  1541
  3166 2 2 15 10  1541  1581  1582
  3167 2 2 15 10  1541  1582  1542
  3168 2 2 15 10  1542  1582  1583
  3169 2 2 15 10  1542  1583  1543
  3170 2 2 15 10  1543  1583  1584
  3171 2 2 15 10  1543  1584  1544
  3172 2 2 15 10  1544  1584  1585
  3173 2 2 15 10  1544  1585  1545
  3174 2 2 15 10  1545  1585  1586
  3175 2 2 15 10  1545  1586  1546
  3176 2 2 15 10  1546  1586  1587
  3177 2 2 15 10  1546  1587  1547
  3178 2 2 15 10  1547  1587  1588
  3179 2 2 15 10  1547  1588  1548
  3180 2 2 15 10  1548  1588  1589
  3181 2 2 15 10  1548  1589  1549
  3182 2 2 15 10  1549  1589  1590
  3183 2 2 15 10  1549  1590  1550
  3184 2 2 15 10  1550  1590  1591
  3185 2 2 15 10  1550  1591  1551
  3186 2 2 15 10  1551  1591  1592
  3187 2 2 15 10  1551  1592  1552
  3188 2 2 15 10  1552  1592  1593
  3189 2 2 15 10  1552  1593  1553
  3190 2 2 15 10  1553  1593  1594
  3191 2 2 15 10  1553  1594  1554
  3192 2 2 15 10  1554  1594  1595
  3193 2 2 15 10  1554  1595  1555
  3194 2 2 15 10  1555  1595  1596
  3195 2 2 15 10  1555  1596  1556
  3196 2 2 15 10  1556  1596  1597
  3197 2 2 15 10  1556  1597  1557
  3198 2 2 15 10  1557  1597  1598
  3199 2 2 15 10  1557  1598  1558
  3200 2 2 15 10  1558  1598  1599
  3201 2 2 15 10  1559  1600  1601
  3202 2 2 15 10  1559  1601  1560
  3203 2 2 15 10  1560  1601  1602
  3204 2 2 15 10  1560  1602  1561
  3205 2 2 15 10  1561  1602  1603
  3206 2 2 15 10  1561  1603  1562
  3207 2 2 15 10  1562  1603  1604
  3208 2 2 15 10  1562  1604  1563
  3209 2 2 15 10  1563  1604  1605
  3210 2 2 15 10  1563  1605  1564
  3211 2 2 15 10  1564  1605  1606
  3212 2 2 15 10  1564  1606  1565
  3213 2 2 15 10  1565  1606  1607
  3214 2 2 15 10  1565  1607  1566
  3215 2 2 15 10  1566  1607  1608
  3216 2 2 15 10  1566  1608  1567
  3217 2 2 15 10  1567  1608  1609
  3218 2 2 15 10  1567  1609  1568
  3219 2 2 15 10  1568  1609  1610
  3220 2 2 15 10  1568  1610  1569
  3221 2 2 15 10  1569  1610  1611
  3222 2 2 15 10  1569  1611  1570
  3223 2 2 15 10  1570  1611  1612
  3224 2 2 15 10  1570  1612  1571
  3225 2 2 15 10  1571  1612  1613
  3226 2 2 15 10  1571  1613  1572
  3227 2 2 15 10  1572  1613  1614
  3228 2 2 15 10  1572  1614  1573
  3229 2 2 15 10  1573  1614  1615
  3230 2 2 15 10  1573  1615  1574
  3231 2 2 15 10  1574  1615  1616
  3232 2 2 15 10  1574  1616  1575
  3233 2 2 15 10  1575  1616  1617
  3234 2 2 15 10  1575  1617  1576
  3235 2 2 15 10  1576  1617  1618
  3236 2 2 15 10  1576  1618  1577
  3237 2 2 15 10  1577  1618  1619
  3238 2 2 15 10  1577  1619  1578
  3239 2 2 15 10  1578  1619  1620
  3240 2 2 15 10  1578  1620  1579
  3241 2 2 15 10  1579  1620  1580
  3242 2 2 15 10  1580  1620  1621
  3243 2 2 15 10  1580  1621  1581
  3244 2 2 15 10  1581  1621  1622
  3245 2 2 15 10  1581  1622  1582
  3246 2 2 15 10  1582  1622  1623
  3247 2 2 15 10  1582  1623  1583
  3248 2 2 15 10  1583  1623  1624
  3249 2 2 15 10  1583  1624  1584
  3250 2 2 15 10  1584  1624  1625
  3251 2 2 15 10  1584  1625  1585
  3252 2 2 15 10  1585  1625  1626
  3253 2 2 15 10  1585  1626  1586
  3254 2 2 15 10  1586  1626  1627
  3255 2 2 15 10  1586  1627  1587
  3256 2 2 15 10  1587  1627  1628
  3257 2 2 15 10  1587  1628  1588
  3258 2 2 15 10  1588  1628  1629
  3259 2 2 15 10  1588  1629  1589
  3260 2 2 15 10  1589  1629  1630
  3261 2 2 15 10  1589  1630  1590
  3262 2 2 15 10  1590  1630  1631
  3263 2 2 15 10  1590  1631  1591
  3264 2 2 15 10  1591  1631  1632
  3265 2 2 15 10  1591  1632  1592
  3266 2 2 15 10  1592  1632  1633
  3267 2 2 15 10  1592  1633  1593
  3268 2 2 15 10  1593  1633  1634
  3269 2 2 15 10  1593  1634  1594
  3270 2 2 15 10  1594  1634  1635
  3271 2 2 15 10  1594  1635  1595
  3272 2 2 15 10  1595  1635  1636
  3273 2 2 15 10  1595  1636  1596
  3274 2 2 15 10  1596  1636  1637
  3275 2 2 15 10  1596  1637  1597
  3276 2 2 15 10  1597  1637  1638
  3277 2 2 15 10  1597  1638  1598
  3278 2 2 15 10  1598  1638  1639
  3279 2 2 15 10  1598  1639  1599
  3280 2 2 15 10  1599  1639  1640
  3281 2 2 15 10  1600  1641  1642
  3282 2 2 15 10  1600  1642  1601
  3283 2 2 15 10  1601  1642  1643
  3284 2 2 15 10  1601  1643  1602
  3285 2 2 15 10  1602  1643  1644
  3286 2 2 15 10  1602  1644  1603
  3287 2 2 15 10  1603  1644  1645
  3288 2 2 15 10  1603  1645  1604
  3289 2 2 15 10  1604  1645  1646
  3290 2 2 15 10  1604  1646  1605
  3291 2 2 15 10  1605  1646  1647
  3292 2 2 15 10  1605  1647  1606
  3293 2 2 15 10  1606  1647  1648
  3294 2 2 15 10  1606  1648  1607
  3295 2 2 15 10  1607  1648  1649
  3296 2 2 15 10  1607  1649  1608
  3297 2 2 15 10  1608  1649  1650
  3298 2 2 15 10  1608  1650  1609
  3299 2 2 15 10  1609  1650  1651
  3300 2 2 15 10  1609  1651  1610
  3301 2 2 15 10  1610  1651  1652
  3302 2 2 15 10  1610  1652  1611
  3303 2 2 15 10  1611  1652  1653
  3304 2 2 15 10  1611  1653  1612
  3305 2 2 15 10  1612  1653  1654
  3306 2 2 15 10  1612  1654  1613
  3307 2 2 15 10  1613  1654  1655
  3308 2 2 15 10  1613  1655  1614
  3309 2 2 15 10  1614  1655  1656
  3310 2 2 15 10  1614  1656  1615
  3311 2 2 15 10  1615  1656  1657
  3312 2 2 15 10  1615  1657  1616
  3313 2 2 15 10  1616  1657  1658
  3314 2 2 15 10  1616  1658  1617
  3315 2 2 15 10  1617  1658  1659
  3316 2 2 15 10  1617  1659  1618
  3317 2 2 15 10  1618  1659  1660
  3318 2 2 15 10  1618  1660  1619
  3319 2 2 15 10  1619  1660  1661
  3320 2 2 15 10  1619  1661  1620
  3321 2 2 15 10  1620  1661  1621
  3322 2 2 15 10  1621  1661  1662
  3323 2 2 15 10  1621  1662  1622
  3324 2 2 15 10  1622  1662  1663
  3325 2 2 15 10  1622  1663  1623
  3326 2 2 15 10  1623  1663  1664
  3327 2 2 15 10  1623  1664  1624
  3328 2 2 15 10  1624  1664  1665
  3329 2 2 15 10  1624  1665  1625
  3330 2 2 15 10  1625  1665  1666
  3331 2 2 15 10  1625  1666  1626
  3332 2 2 15 10  1626  1666  1667
  3333 2 2 15 10  1626  1667  1627
  3334 2 2 15 10  1627  1667  1668
  3335 2 2 15 10  1627  1668  1628
  3336 2 2 15 10  1628  1668  1669
  3337 2 2 15 10  1628  1669  1629
  3338 2 2 15 10  1629  1669  1670
  3339 2 2 15 10  1629  1670  1630
  3340 2 2 15 10  1630  1670  1671
  3341 2 2 15 10  1630  1671  1631
  3342 2 2 15 10  1631  1671  1672
  3343 2 2 15 10  1631  1672  1632
  3344 2 2 15 10  1632  1672  1673
  3345 2 2 15 10  1632  1673  1633
  3346 2 2 15 10  1633  1673  1674
  3347 2 2 15 10  1633  1674  1634
  3348 2 2 15 10  1634  1674  1675
  3349 2 2 15 10  1634  1675  1635
  3350 2 2 15 10  1635  1675  1676
  3351 2 2 15 10  1635  1676  1636
  3352 2 2 15 10  1636  1676  1677
  3353 2 2 15 10  1636  1677  1637
  3354 2 2 15 10  1637  1677  1678
  3355 2 2 15 10  1637  1678  1638
  3356 2 2 15 10  1638  1678  1679
  3357 2 2 15 10  1638  1679  1639
  3358 2 2 15 10  1639  1679  1680
  3359 2 2 15 10  1639  1680  1640
  3360 2 2 15 10  1640  1680  1681
$EndElements
